Airport,Latitude,Longitude,Country
AAE,36.8242,7.8213,ALGERIA
AAL,57.093,9.849,DENMARK
AAN,24.2585,55.6194,UAE
AAP,-0.3702,117.2575,INDONESIA
AAQ,45.003,37.3408,RUSSIA
AAR,56.304,10.619,DENMARK
AAT,47.8273,88.1318,CHINA
ABA,53.75,91.385,RUSSIA
ABC,38.9454,-1.8803,SPAIN
ABD,30.365,48.233,IRAN
ABE,40.6511,-75.4439,USA
ABI,32.411,-99.682,USA
ABJ,5.26,-3.926,IVORY COAST
ABK,6.7306,44.2453,ETHIOPIA
ABQ,35.04,-106.609,USA
ABT,20.296,41.634,SAUDI ARABIA
ABV,9.007,7.263,NIGERIA
ABX,-36.068,146.958,AUSTRALIA
ABZ,57.204,-2.2,UK
ACA,16.757,-99.753,MEXICO
ACC,5.603,-0.168,GHANA
ACE,28.945,-13.605,CANARY ISLANDS
ACT,31.611,-97.23,USA
ACX,25.0856,104.9594,CHINA
ACY,39.458,-74.577,USA
ACZ,31.0878,61.5429,IRAN
ADA,36.982,35.28,TURKEY
ADB,38.292,27.157,TURKEY
ADD,8.977,38.8,ETHIOPIA
ADF,37.87,38.49,TURKEY
ADK,51.878,-176.646,USA
ADL,-34.945,138.531,AUSTRALIA
ADQ,57.75,-152.494,USA
ADS,32.97,-96.8365,USA
ADU,38.3241,48.4202,IRAN
ADW,38.811,-76.867,USA
ADZ,12.583,-81.711,COLOMBIA
AEB,23.7167,106.9712,CHINA
AEP,-34.559,-58.416,ARGENTINA
AER,43.446,39.947,RUSSIA
AES,62.56,6.11,NORWAY
AEX,31.327,-92.548,USA
AEY,65.66,-18.072,ICELAND
AFW,32.9875,-97.3139,USA
AFZ,36.1712,57.6033,IRAN
AGA,30.381,-9.546,MOROCCO
AGH,56.296,12.847,SWEDEN
AGP,36.674,-4.499,SPAIN
AGR,27.156,77.961,INDIA
AGS,33.37,-81.964,USA
AGT,-25.4555,-54.8436,PARAGUAY
AHB,18.24,42.656,SAUDI ARABIA
AHJ,32.5277,102.3569,CHINA
AHN,33.9519,-83.3251,USA
AHO,40.632,8.291,ITALY
AJA,41.924,8.803,CORSICA
AJF,29.7886,40.1021,SAUDI ARABIA
AJI,39.69,43.12,TURKEY
AJL,23.746,92.803,INDIA
AJR,65.59,19.282,SWEDEN
AJU,-10.984,-37.07,BRAZIL
AKA,52.2181,-174.2063,USA
AKJ,43.671,142.447,JAPAN
AKL,-37.008,174.792,NEW ZEALAND
AKN,58.677,-156.649,USA
AKR,41.038,-81.467,USA
AKU,41.26,80.2926,CHINA
AKX,50.245,57.203,RUSSIA
ALA,43.352,77.04,KAZAKHSTAN
ALB,42.748,-73.803,USA
ALC,38.282,-0.558,SPAIN
ALF,69.977,23.366,NORWAY
ALG,36.691,3.215,ALGERIA
ALW,46.0873,-118.2845,USA
AMA,35.219,-101.706,USA
AMD,23.075,72.632,INDIA
AMH,6.0404,37.5889,ETHIOPIA
AMM,31.722,35.993,JORDAN
AMQ,-3.709,128.09,INDONESIA
AMS,52.309,4.764,NETHERLANDS
ANC,61.174,-149.996,USA
ANF,-23.444,-70.445,CHILE
ANU,17.137,-61.792,LEEWARD ISLANDS
ANX,69.293,16.144,NORWAY
AOE,39.9,30.54,TURKEY
AOG,41.1131,122.8666,CHINA
AOI,43.6154,13.3619,ITALY
AOJ,40.734,140.691,JAPAN
AOK,35.421,27.146,GREECE
AOR,6.194,100.403,MALAYSIA
APA,39.5751,-104.8451,USA
APL,-15.106,39.282,MOZAMBIQUE
APW,-13.83,-172.008,SAMOA
AQG,30.5831,117.0516,CHINA
AQI,28.335,46.125,SAUDI ARABIA
AQJ,29.611,35.018,JORDAN
AQP,-16.341,-71.583,PERU
ARA,30.038,-91.884,USA
ARH,64.5961,40.7145,RUSSIA
ARI,-18.348,-70.339,CHILE
ARN,59.652,17.919,SWEDEN
ASB,37.992,58.363,RUSSIA
ASE,39.2196,-106.8643,USA
ASF,46.283,48.006,RUSSIA
ASJ,28.431,129.712,JAPAN
ASM,15.29,38.9,ETHIOPIA
ASN,33.5694,-86.0511,USA
ASO,10.0266,34.5749,ETHIOPIA
ASP,-23.807,133.902,AUSTRALIA
ASR,38.77,35.495,TURKEY
ASU,-25.24,-57.519,PARAGUAY
ASW,23.964,32.82,EGYPT
ATH,37.94,23.95,GREECE
ATL,33.64,-84.427,USA
ATQ,31.70566,74.8069,INDIA
ATW,44.2605,-88.5111,USA
ATZ,27.05,31.0154,EGYPT
AUA,12.501,-70.015,ARUBA
AUH,24.433,54.651,UAE
AUQ,-9.77,-139,FRENCH POLYNESIA
AUS,30.194,-97.67,USA
AVA,26.2606,105.8731,CHINA
AVL,35.4349,-82.5379,USA
AVP,41.3378,-75.7238,USA
AVV,-38.039,144.469,AUSTRALIA
AWA,7.095,38.3986,ETHIOPIA
AWK,19.28,166.65,WAKE ISLAND
AWZ,31.337,48.762,IRAN
AXM,4.454,-75.765,COLOMBIA
AXT,39.616,140.219,JAPAN
AXU,14.1444,38.7748,ETHIOPIA
AYP,-13.155,-74.204,PERU
AYQ,-25.1905,130.9763,AUSTRALIA
AYT,36.901,30.792,TURKEY
AZA,33.3072,-111.6689,USA
AZI,24.428,54.458,UAE
AZS,19.2677,-69.7305,DOMINICAN REPUBLIC
BAH,26.271,50.634,BAHRAIN
BAK,40.468,50.047,RUSSIA
BAL,37.929,41.116,TURKEY
BAQ,10.889,-74.781,COLOMBIA
BAR,19.1406,110.4589,CHINA
BAV,40.5665,110.0022,CHINA
BAX,53.364,83.542,RUSSIA
BBA,-45.916,-71.689,CHILE
BBI,20.244,85.818,INDIA
BBU,44.503,26.102,ROMANIA
BCD,10.643,122.929,PHILIPPINES
BCM,46.522,26.91,ROMANIA
BCN,41.297,2.078,SPAIN
BCO,5.7504,36.5649,ETHIOPIA
BDA,32.36,-64.7,BERMUDA
BDJ,-3.442,114.761,INDONESIA
BDL,41.939,-72.683,USA
BDO,-6.901,107.576,INDONESIA
BDQ,22.336,73.226,INDIA
BDR,41.163,-73.126,USA
BDS,40.657,17.947,ITALY
BDU,69.056,18.54,NORWAY
BED,42.47,-71.289,USA
BEG,44.818,20.309,YUGOSLAVIA
BEJ,2.1479,117.4339,INDONESIA
BEL,-1.379,-48.476,BRAZIL
BEN,32.097,20.269,LIBYA
BES,48.448,-4.418,FRANCE
BET,60.78,-161.838,USA
BEW,-19.796,34.907,MOZAMBIQUE
BEY,33.813,35.489,LEBANON
BFF,41.8695,-103.5934,USA
BFI,47.53,-122.302,USA
BFJ,27.2616,105.482,CHINA
BFL,35.433,-119.057,USA
BFM,30.626,-88.068,USA
BFS,54.657,-6.216,UK
BGA,7.126,-73.185,COLOMBIA
BGF,4.398,18.519,CENTRAL AFRICAN REP.
BGG,38.86,40.59,TURKEY
BGI,13.074,-59.492,BARBADOS
BGO,60.293,5.218,NORWAY
BGR,44.807,-68.828,USA
BGW,33.27,44.23,IRAQ
BGY,45.674,9.704,ITALY
BHD,54.618,-5.873,UK
BHE,-41.518,173.87,NEW ZEALAND
BHH,19.984,42.623,SAUDI ARABIA
BHI,-38.725,-62.169,ARGENTINA
BHK,39.775,64.48,RUSSIA
BHM,33.563,-86.753,USA
BHO,23.285,77.337,INDIA
BHX,52.454,-1.748,UK
BHY,21.5405,109.2934,CHINA
BIA,42.554,9.483,CORSICA
BIF,31.849,-106.38,USA
BIK,-1.19,136.108,INDONESIA
BIL,45.8035,-108.5379,USA
BIM,25.7,-79.264,BAHAMAS
BIO,43.301,-2.911,SPAIN
BIQ,43.468,-1.523,FRANCE
BIS,46.7752,-100.7572,USA
BJA,36.712,5.07,ALGERIA
BJB,37.4898,57.3077,IRAN
BJC,39.9097,-105.1119,USA
BJL,13.338,-16.652,GAMBIA
BJM,-3.324,29.318,BURUNDI
BJR,11.608,37.321,ETHIOPIA
BJV,37.25,27.66,TURKEY
BJX,20.993,-101.481,MEXICO
BJZ,38.891,-6.821,SPAIN
BKI,5.937,116.051,MALAYSIA
BKK,13.912,100.607,THAILAND
BKL,41.5116,-81.6899,USA
BKN,39.4806,54.3661,TURKMENISTAN
BKO,12.533,-7.95,MALI
BKS,-3.864,102.341,INDONESIA
BLI,48.792,-122.537,USA
BLL,55.74,9.152,DENMARK
BLM,40.1807,-74.1217,USA
BLQ,44.534,11.29,ITALY
BLR,13.1986,77.668,INDIA
BLV,38.545,-89.835,USA
BLZ,-15.679,34.974,MALAWI
BME,-17.9526,122.2338,AUSTRALIA
BMG,39.1466,-86.6141,USA
BMI,40.479,-88.9187,USA
BMU,-8.539,118.687,INDONESIA
BMV,12.665,108.1176,VIETNAM
BNA,36.124,-86.678,USA
BND,27.218,56.378,IRAN
BNE,-27.384,153.118,AUSTRALIA
BNK,-28.8351,153.5596,AUSTRALIA
BOD,44.828,-0.716,FRANCE
BOG,4.701,-74.147,COLOMBIA
BOH,50.78,-1.843,UK
BOI,43.564,-116.223,USA
BOJ,42.569,27.514,BULGARIA
BOM,19.089,72.868,INDIA
BON,12.131,-68.268,ANTILLES
BOO,67.269,14.363,NORWAY
BOS,42.364,-71.005,USA
BOW,27.9437,-81.7845,CANADA
BPE,39.6618,119.0585,CHINA
BPL,44.9003,82.3027,CHINA
BPN,-1.268,116.894,INDONESIA
BPS,-16.4409,-39.0799,BRAZIL
BPT,29.951,-94.021,USA
BPX,30.5498,97.1065,CHINA
BQN,18.495,-67.129,PUERTO RICO
BQS,50.422,127.41,RUSSIA
BQT,52.1114,23.9001,BELARUS
BRC,-41.151,-71.157,ARGENTINA
BRE,53.047,8.787,GERMANY
BRI,41.138,16.761,ITALY
BRM,10.043,-69.358,VENEZUELA
BRQ,49.151,16.694,CZECH REPUBLIC
BRS,51.383,-2.719,UK
BRU,50.902,4.499,BELGIUM
BRW,71.285,-156.766,USA
BSB,-15.862,-47.913,BRAZIL
BSD,25.0516,99.1658,CHINA
BSG,1.905,9.806,EQUATORIAL GUINEA
BSL,47.6,7.53,FRANCE
BSO,20.4491,121.9761,PHILIPPINES
BSR,30.549,47.662,IRAQ
BTF,40.8679,-111.9293,USA
BTH,1.121,104.119,INDONESIA
BTJ,5.523,95.42,INDONESIA
BTK,56.371,101.699,RUSSIA
BTR,30.533,-91.149,USA
BTS,48.17,17.212,SLOVAKIA
BTU,3.172,113.044,MALAYSIA
BTV,44.472,-73.153,USA
BUD,47.437,19.256,HUNGARY
BUF,42.94,-78.732,USA
BUR,34.201,-118.359,USA
BUS,41.61,41.61,GEORGIA
BUW,-5.4875,122.5687,INDONESIA
BUZ,28.945,50.834,IRAN
BVB,2.846,-60.69,BRAZIL
BVC,16.137,-22.889,CAPE VERDE ISLANDS
BVY,42.5844,-70.9153,USA
BWE,52.319,10.556,GERMANY
BWG,36.9625,-86.4269,USA
BWI,39.175,-76.668,USA
BWN,4.946,114.928,BRUNEI
BWX,-8.3124,114.3394,INDONESIA
BXB,-2.5373,133.4383,INDONESIA
BXR,29.0805,58.4495,IRAN
BXU,8.9484,125.4812,PHILIPPINES
BZE,17.539,-88.308,BELIZE
BZK,53.214,34.176,RUSSIA
BZL,22.7987,90.2998,BANGLADESH
BZN,45.7771,-111.1532,USA
BZV,-4.252,15.253,CONGO
BZX,31.7386,106.645,CHINA
BZZ,51.75,-1.584,UK
CAB,-5.597,12.188,ANGOLA
CAE,33.939,-81.119,USA
CAG,39.251,9.054,ITALY
CAH,9.176,105.1757,VIETNAM
CAI,30.122,31.406,EGYPT
CAK,40.9154,-81.4419,USA
CAN,23.184,113.266,CHINA
CAP,19.732,-72.195,HAITI
CAY,4.82,-52.36,FRENCH GUYANA
CBF,41.26,-95.7591,USA
CBO,7.1633,124.214,PHILIPPINES
CBR,-35.308,149.194,AUSTRALIA
CBT,-12.4938,13.4902,ANGOLA
CCB,34.1111,-117.6848,USA
CCC,22.4637,-78.3287,CUBA
CCJ,11.136,75.955,INDIA
CCK,-12.19,96.83,COCOS (KEELING) ISLANDS
CCP,-36.773,-73.063,CHILE
CCS,10.603,-66.991,VENEZUELA
CCU,22.652,88.4463,INDIA
CDB,55.206,-162.724,USA
CDE,41.0584,117.9952,CHINA
CDG,49.013,2.55,FRANCE
CDT,40.2052,0.0673,SPAIN
CDV,60.492,-145.477,USA
CEB,10.3072,124.21,PHILIPPINES
CEE,59.2804,38.0168,RUSSIA
CEI,19.9543,99.8781,THAILAND
CEK,55.303,61.507,RUSSIA
CEN,27.392,-109.833,MEXICO
CFB,-22.9259,-42.0793,BRAZIL
CFE,45.786,3.169,FRANCE
CFK,36.2174,1.3247,ALGERIA
CFS,-30.321,153.116,AUSTRALIA
CFU,39.602,19.912,GREECE
CGB,-15.653,-56.117,BRAZIL
CGD,28.9212,111.6436,CHINA
CGH,-23.627,-46.655,BRAZIL
CGK,-6.126,106.656,INDONESIA
CGM,9.2515,124.7047,PHILIPPINES
CGN,50.866,7.143,GERMANY
CGO,34.519,113.841,CHINA
CGP,22.249,91.813,BANGLADESH
CGQ,43.9952,125.697,CHINA
CGR,-20.469,-54.672,BRAZIL
CGY,8.414,124.611,PHILIPPINES
CHA,35.035,-85.204,USA
CHC,-43.489,172.532,NEW ZEALAND
CHG,41.5468,120.4416,CHINA
CHO,38.1395,-78.4516,USA
CHQ,35.532,24.149,GREECE
CHR,46.862,1.731,FRANCE
CHS,32.899,-80.04,USA
CID,41.8864,-91.707,USA
CIF,42.1564,118.84,CHINA
CIH,36.2469,113.1286,CHINA
CIS,-2.77,-171.7,KIRIBATI
CIT,42.364,69.479,RUSSIA
CIU,46.2578,-84.4744,USA
CIX,-6.787,-79.828,PERU
CIY,36.9984,14.6069,ITALY
CJA,-7.1426,-78.4898,PERU
CJB,11.031,77.044,INDIA
CJC,-22.499,-68.904,CHILE
CJJ,36.722,127.4959,SOUTH KOREA
CJS,31.636,-106.429,MEXICO
CJU,33.511,126.493,KOREA
CKB,39.2967,-80.2312,USA
CKG,29.719,106.641,CHINA
CKV,36.6218,-87.419,USA
CKW,-22.3567,119.6521,AUSTRALIA
CKY,9.58,-13.61,GHANA
CKZ,40.14,26.42,TURKEY
CLE,41.412,-81.85,USA
CLJ,46.785,23.686,ROMANIA
CLL,30.588,-96.364,USA
CLM,48.1169,-123.4978,USA
CLO,3.543,-76.381,COLOMBIA
CLT,35.214,-80.943,USA
CLV,-17.7253,-48.6147,BRAZIL
CLY,42.531,8.793,CORSICA
CMB,7.181,79.884,SRI LANKA
CME,18.654,-91.799,MEXICO
CMH,39.998,-82.892,USA
CMI,40.0365,-88.264,USA
CMN,33.368,-7.588,MOROCCO
CMW,21.42,-77.847,CUBA
CND,44.362,28.488,ROMANIA
CNF,-19.634,-43.969,BRAZIL
CNN,11.9142,75.5486,INDIA
CNO,33.9752,-117.6353,USA
CNQ,-27.445,-58.762,ARGENTINA
CNS,-16.886,145.755,AUSTRALIA
CNX,18.7677,98.964,THAILAND
COK,10.1518,76.393,INDIA
COO,6.357,2.384,BENIN
COR,-31.324,-64.208,ARGENTINA
COS,38.806,-104.7,USA
COU,38.818,-92.219,USA
CPC,-40.075,-71.137,ARGENTINA
CPH,55.618,12.656,DENMARK
CPO,-27.296,-70.414,CHILE
CPS,38.5773,-90.159,USA
CPT,-33.965,18.602,SOUTH AFRICA
CQD,32.2946,50.8377,IRAN
CRA,44.318,23.889,ROMANIA
CRD,-45.785,-67.466,ARGENTINA
CRK,15.1846,120.5569,PHILIPPINES
CRL,50.459,4.454,BELGIUM
CRM,12.5049,124.6363,PHILIPPINES
CRP,27.77,-97.501,USA
CRW,38.3714,-81.5935,USA
CRZ,38.9368,63.5676,TURKMENISTAN
CSG,32.5163,-84.9388,USA
CSX,28.189,113.219,CHINA
CSY,56.0827,47.3202,RUSSIA
CTA,37.467,15.066,ITALY
CTC,-28.596,-65.752,ARGENTINA
CTG,10.442,-75.513,COLOMBIA
CTS,42.775,141.692,JAPAN
CTU,30.578,103.947,CHINA
CUC,7.928,-72.511,COLOMBIA
CUE,-2.889,-78.984,ECUADOR
CUL,24.764,-107.474,MEXICO
CUM,10.45,-64.13,VENEZUELA
CUN,21.036,-86.877,MEXICO
CUR,12.189,-68.96,ANTILLES
CUU,28.703,-105.964,MEXICO
CUZ,-13.536,-71.939,PERU
CVG,39.046,-84.662,USA
CWB,-25.528,-49.176,BRAZIL
CWC,48.2669,25.9672,UKRAINE
CWF,30.2164,-93.1506,USA
CWJ,23.2484,99.3572,CHINA
CWL,51.397,-3.343,UK
CXB,21.452,91.964,BANGLADESH
CXH,49.2905,-123.1182,CANADA
CXI,1.986,-157.35,KIRIBATI
CXR,12.01,109.22,VIETNAM
CYI,23.462,120.393,TAIWAN
CYO,21.616,-81.546,CUBA
CYS,41.156,-104.812,USA
CZL,36.277,6.624,ALGERIA
CZM,20.522,-86.926,MEXICO
CZX,31.912,119.7839,CHINA
DAB,29.1832,-81.0532,USA
DAC,23.843,90.398,BANGLADESH
DAD,16.044,108.199,VIET NAM
DAL,32.847,-96.852,USA
DAM,33.411,36.516,SYRIA
DAR,-6.878,39.203,TANZANIA
DAT,40.0579,113.4869,CHINA
DAX,31.1299,107.4314,CHINA
DAY,39.902,-84.219,USA
DBO,-32.217,148.575,AUSTRALIA
DBV,42.561,18.268,CROATIA
DCA,38.852,-77.037,USA
DCN,-17.5878,123.8259,AUSTRALIA
DCY,29.1912,100.109,CHINA
DDG,40.0258,124.2869,CHINA
DED,30.187,78.18,INDIA
DEL,28.566,77.103,INDIA
DEN,39.858,-104.667,USA
DFW,32.896,-97.037,USA
DGT,9.334,123.302,PHILIPPINES
DHF,24.2504,54.5488,UAE
DIB,27.4798,95.0158,INDIA
DIG,27.7931,99.6819,CHINA
DIN,21.4008,103.006,VIETNAM
DIR,9.625,41.854,ETHIOPIA
DIS,-4.208,12.661,CONGO
DIY,37.894,40.201,TURKEY
DJB,-1.638,103.644,INDONESIA
DJE,33.875,10.775,TUNISIA
DJJ,-2.577,140.516,INDONESIA
DKR,14.739,-17.49,SENEGAL
DLA,4.006,9.719,CAMEROON
DLC,38.966,121.538,CHINA
DLG,59.045,-158.503,USA
DLH,46.842,-92.194,USA
DLI,11.7503,108.3682,VIETNAM
DLM,36.713,28.793,TURKEY
DLU,25.6511,100.3183,CHINA
DMB,42.8664,71.2934,RUSSIA
DME,55.4103,37.9025,RUSSIA
DMK,13.9133,100.6042,THAILAND
DMM,26.471,49.798,SAUDI ARABIA
DMU,25.88,93.773,INDIA
DNA,26.356,127.767,JAPAN
DNH,40.1661,94.805,CHINA
DNK,48.357,35.102,RUSSIA
DNZ,37.785,29.701,TURKEY
DOH,25.261,51.565,QATAR
DOM,15.547,-61.3,DOMINICA
DOV,39.13,-75.466,USA
DOY,37.5099,118.7935,CHINA
DPL,8.6005,123.3432,PHILIPPINES
DPS,-8.748,115.167,INDONESIA
DQA,46.7488,125.1394,CHINA
DRS,51.133,13.767,GERMANY
DRW,-12.41,130.88,AUSTRALIA
DSE,11.1099,39.7248,ETHIOPIA
DSI,30.3967,-86.471,USA
DSM,41.534,-93.663,USA
DSN,39.4956,109.8707,CHINA
DSS,14.67,-17.07,SENEGAL
DTB,2.2623,98.9878,INDONESIA
DTM,51.518,7.612,GERMANY
DTN,32.5414,-93.7494,USA
DTW,42.212,-83.353,USA
DUB,53.421,-6.27,IRELAND
DUD,-45.928,170.198,NEW ZEALAND
DUE,-7.4005,20.8186,ANGOLA
DUR,-29.97,30.95,SOUTH AFRICA
DUS,51.289,6.767,GERMANY
DVO,7.13,125.65,PHILIPPINES
DWC,24.9,55.14,UAE
DWD,24.4447,44.1263,SAUDI ARABIA
DXB,25.255,55.364,UAE
DYG,29.1039,110.4512,CHINA
DYU,38.543,68.825,RUSSIA
DZA,-12.805,45.281,MAYOTTE ISLAND
EAM,17.611,44.419,SAUDI ARABIA
EAS,43.356,-1.791,SPAIN
EAT,47.399,-120.2065,USA
EBB,0.042,32.443,UGANDA
EBL,36.23,43.96,IRAQ
ECN,35.16,33.5,CYPRUS
ECP,30.3549,-85.7995,USA
EDI,55.95,-3.373,UK
EDL,0.404,35.238,KENYA
EDO,39.55,27.01,TURKEY
EFD,29.607,-95.159,USA
EFL,38.12,20.501,GREECE
EGE,39.6426,-106.9145,USA
EGO,50.6451,36.5706,RUSSIA
EIN,51.45,5.374,NETHERLANDS
EJA,7.024,-73.807,COLOMBIA
EJH,26.198,36.476,SAUDI ARABIA
ELP,31.807,-106.378,USA
ELQ,26.303,43.774,SAUDI ARABIA
EMA,52.8294,-1.3321,UK
ENA,60.573,-151.245,USA
ENE,-8.849,121.662,INDONESIA
ENH,30.3194,109.4872,CHINA
ENU,6.474,7.562,NIGERIA
ENY,36.6394,109.5515,CHINA
EOH,6.22,-75.591,COLOMBIA
EQS,-42.908,-71.139,ARGENTINA
ERC,39.71,39.526,TURKEY
ERF,50.98,10.958,GERMANY
ERL,43.4291,112.1052,CHINA
ERZ,39.956,41.17,TURKEY
ESB,40.128,32.995,TURKEY
ESS,51.401,6.936,GERMANY
ETM,29.7266,35.0055,ISRAEL
ETZ,48.982,6.254,FRANCE
EUG,44.1218,-123.2159,USA
EUQ,10.7679,121.9333,PHILIPPINES
EVE,68.491,16.678,NORWAY
EVN,40.148,44.397,RUSSIA
EVV,38.0434,-87.5272,USA
EWR,40.692,-74.169,USA
EYP,5.3207,-72.3862,COLOMBIA
EYW,24.556,-81.759,USA
EZE,-34.81,-58.53,ARGENTINA
EZS,38.607,39.291,TURKEY
FAE,62.064,-7.277,FAROE ISL.
FAI,64.815,-147.856,USA
FAO,37.014,-7.966,ACORES
FAR,46.92,-96.83,USA
FAT,36.776,-119.718,USA
FAY,34.9911,-78.8871,USA
FBM,-11.591,27.531,ZAIRE
FCA,48.3077,-114.2525,USA
FCM,44.8272,-93.4611,USA
FCN,53.7615,8.6728,GERMANY
FCO,41.813,12.253,ITALY
FDF,14.591,-61.003,ANTILLES
FDH,47.671,9.511,GERMANY
FEG,40.376,71.752,UZBEKISTAN
FEZ,33.927,-4.978,MOROCCO
FFD,51.682,-1.79,UK
FFO,39.826,-84.048,USA
FHU,31.588,-110.344,USA
FIH,-4.386,15.444,ZAIRE
FJR,25.112,56.324,UAE
FKB,48.7782,8.0881,GERMANY
FKI,0.518,25.155,ZAIRE
FKS,37.2285,140.4284,JAPAN
FLL,26.072,-80.153,USA
FLN,-27.672,-48.548,BRAZIL
FLR,43.81,11.205,ITALY
FLZ,1.5537,98.8965,INDONESIA
FMA,-26.212,-58.228,ARGENTINA
FMO,52.134,7.685,GERMANY
FNA,8.616,-13.195,SIERRA LEONE
FNC,32.6958,-16.7759,MADEIRA
FNJ,39.033,125.783,KOREA
FNT,42.9654,-83.7436,USA
FOC,25.93,119.67,CHINA
FOC ,25.9306,119.67,ITALY
FOE,38.9483,-95.664,USA
FOR,-3.7772,-38.532,BRAZIL
FOS,-30.8359,128.12,AUSTRALIA
FPO,26.5481,-78.695,BAHAMAS
FRA,50.0379,8.543,GERMANY
FRG,40.7261,-73.4134,USA
FRU,43.0542,74.478,RUSSIA
FSC,41.5023,9.098,CORSICA
FSD,43.582,-96.7419,USA
FSZ,34.7965,138.1853,JAPAN
FTE,-50.2803,-72.0531,ARGENTINA
FTW,32.8207,-97.362,USA
FUE,28.4524,-13.864,CANARY ISLANDS
FUG,32.8822,115.7344,CHINA
FUK,33.5903,130.45,JAPAN
FWA,40.9829,-85.1951,USA
FYJ,48.1995,134.3664,CHINA
FYN,46.8042,89.512,CHINA
GAQ,16.2517,-0.005,MALI
GAU,26.1061,91.5859,INDIA
GAY,24.7488,84.9437,INDIA
GBB,40.8267,47.7125,AZERBAIJAN
GBE,-24.5576,25.918,BOTSWANA
GBW,-22.5812,120.0355,AUSTRALIA
GCH,30.3376,50.828,IRAN
GCM,19.2931,-81.3585,CAYMAN ISLANDS
GDE,5.9351,43.5786,ETHIOPIA
GDL,20.526,-103.311,MEXICO
GDN,54.3788,18.466,POLAND
GDQ,12.5164,37.432,ETHIOPIA
GDX,59.9143,150.717,RUSSIA
GDZ,44.5821,38.0125,RUSSIA
GEG,47.6217,-117.534,USA
GEO,6.5035,-58.25,GUYANA
GES,6.058,125.096,PHILIPPINES
GFK,47.9429,-97.176,USA
GGG,32.3876,-94.7191,USA
GGT,23.5636,-75.878,BAHAMAS
GHA,32.3785,3.794,ALGERIA
GIB,36.1537,-5.349,GIBRALTAR
GIG,-22.8053,-43.244,BRAZIL
GIS,-38.6619,177.978,NEW ZEALAND
GIZ,16.899,42.586,SAUDI ARABIA
GJL,36.7934,5.873,ALGERIA
GJT,39.1224,-108.527,USA
GLA,55.8691,-4.433,UK
GMB,8.1318,34.563,ETHIOPIA
GMP,37.5587,126.791,KOREA
GMQ,34.4181,100.3011,CHINA
GNB,45.3622,5.329,FRANCE
GND,12.0071,-61.786,GRENADA
GNS,1.1646,97.703,INDONESIA
GNV,29.6863,-82.272,USA
GNY,37.45,38.9,TURKEY
GOA,44.41,8.842,ITALY
GOB,7.1161,40.0463,ETHIOPIA
GOI,15.3803,73.833,INDIA
GOJ,56.2301,43.784,RUSSIA
GOM,-1.6631,29.238,ZAIRE
GOP,26.7397,83.4497,INDIA
GOQ,36.4006,94.7861,CHINA
GOT,57.6688,12.28,SWEDEN
GPA,38.1511,21.426,GREECE
GPS,-0.4447,-90.266,GALAPAGOS I. (ECUADOR
GPT,30.4073,-89.0701,USA
GRB,44.4923,-88.129,USA
GRK,31.0614,-97.829,USA
GRO,41.9027,2.76,SPAIN
GRQ,53.1233,6.5816,NETHERLANDS
GRR,42.8847,-85.523,USA
GRS,42.7633,11.072,ITALY
GRU,-23.4306,-46.469,BRAZIL
GRV,43.3848,45.6998,RUSSIA
GRX,37.1877,-3.778,SPAIN
GRZ,46.994,15.433,AUSTRIA
GSB,34.8959,-82.2172,USA
GSM,26.7561,55.8954,IRAN
GSO,36.1044,-79.9373,USA
GSP,34.8957,-82.2189,USA
GST,58.4253,-135.707,USA
GSV,51.7181,0.0271,RUSSIA
GTB,44.0556111,-75.719,USA
GTF,47.4825,-111.3566,USA
GTO,0.63722,122.852,INDONESIA
GTR,33.4503,-88.5914,USA
GUA,14.5841,-90.528,GUATEMALA
GUC,38.5339,-106.933,USA
GUM,13.4853,144.797,MARIANA ISLANDS
GUS,40.6566,-86.152,USA
GUW,47.1219,51.8214,KAZAKHSTAN
GVA,46.237,6.109,SWITZERLAND
GWE,-19.45,29.862,ZIMBABWE
GWT,54.9139,8.34,GERMANY
GXH,34.8105,102.6447,CHINA
GYD,40.4656,50.0521,AZERBAIJAN
GYE,-2.1482,-79.884,ECUADOR
GYN,-16.6323,-49.222,BRAZIL
GYR,33.4225,-112.376,USA
GYS,32.3911,105.702,CHINA
GYU,36.0789,106.2169,CHINA
GYY,41.6163,-87.4128,USA
GZP,36.2974,32.3014,TURKEY
GZT,36.9471,37.479,TURKEY
HAC,33.1153,139.786,JAPAN
HAF,37.5134,-122.501,USA
HAH,-11.5362,43.272,COMOROS ISLANDS
HAJ,52.4618,9.685,GERMANY
HAK,19.9349,110.459,CHINA
HAM,53.6336,9.988,GERMANY
HAN,21.2187,105.806,VIET NAM
HAS,27.4383,41.686,SAUDI ARABIA
HAU,59.3445,5.208,NORWAY
HAV,22.9977,-82.409,CUBA
HBA,-42.8364,147.51,AUSTRALIA
HBE,30.9324,29.7,EGYPT
HBQ,38.0129,100.6438,CHINA
HBX,15.3617,75.0849,INDIA
HCJ,24.805,107.6997,CHINA
HDF,53.8787,14.1523,GERMANY
HDG,36.5258,114.4256,CHINA
HDN,40.4812,-107.218,USA
HEK,50.1716,127.3089,CHINA
HEL,60.321,24.956,FINLAND
HER,35.3396,25.1747,GREECE
HET,40.8514,111.824,CHINA
HFE,31.9868,116.9692,CHINA
HGA,9.518,44.089,SOMALIA
HGH,30.2359,120.432,CHINA
HHN,49.9429,7.264,GERMANY
HHR,33.9223,-118.335,USA
HIA,33.7908,119.125,CHINA
HIF,41.1097,-111.973,USA
HIJ,34.4373,132.922,JAPAN
HIN,12.6277,99.9516,SOUTH KOREA
HIO,45.5404,-122.95,USA
HIR,-9.4275,160.05,SOLOMON ISLANDS
HJJ,27.4411,109.7,CHINA
HJR,24.7997,79.919,INDIA
HKD,41.7757,140.822,JAPAN
HKG,22.308,113.914,HONG KONG
HKK,-42.7142,170.985,NEW ZEALAND
HKT,8.1111,98.317,THAILAND
HLD,49.2133,119.825,CHINA
HLH,46.1953,122.0083,CHINA
HLN,46.6096,-111.983,USA
HLP,-6.2652,106.891,INDONESIA
HLZ,-37.866,175.332,NEW ZEALAND
HMA,61.0285,69.0861,RUSSIA
HMB,26.3428,31.7428,EGYPT
HME,31.6739,6.14,ALGERIA
HMI,42.8414,93.6692,CHINA
HMO,29.09,-111.048,MEXICO
HNA,39.4215,141.136,JAPAN
HND,35.5494,139.779,JAPAN
HNL,21.3245,-157.927,USA
HNY,26.7382,112.628,CHINA
HOF,25.2853,49.4852,SAUDI ARABIA
HOG,20.79,-76.315,CUBA
HOP,36.6723,-87.496,USA
HOU,29.6459,-95.279,USA
HPG,31.626,110.34,CHINA
HPH,20.8194,106.725,VIETNAM
HPN,41.0683,-73.707,USA
HRB,45.6224,126.25,CHINA
HRE,-17.9188,31.093,ZIMBABWE
HRG,27.1805,33.798,EGYPT
HRI,6.2845,81.1241,SRI LANKA
HRK,49.9218,36.28,UKRAINE
HRL,26.2235,-97.654,USA
HSG,33.1497,130.302,JAPAN
HSH,35.9728,-115.134,USA
HSK,42.0761,-0.3167,SPAIN
HSN,29.9342,122.362,CHINA
HSV,34.6372,-86.7751,USA
HTA,52.0219,113.305,RUSSIA
HTI,-20.3581,148.952,AUSTRALIA
HTN,37.0399,79.866,CHINA
HTT,38.202,90.8415,CHINA
HTY,36.3633,36.28,TURKEY
HUE,13.8363,36.8812,ETHIOPIA
HUI,16.4015,107.703,VIETNAM
HUN,24.0254,121.618,TAIWAN
HUX,15.7723,-96.261,MEXICO
HUY,53.5806,-0.351,UK
HUZ,23.05,114.6,CHINA
HVB,-25.3189,152.88,AUSTRALIA
HXD,32.2248,-80.6972,CHINA
HYD,17.2403,78.461,INDIA
HYI,29.8887,-97.8663,USA
HYN,28.5622,121.429,CHINA
HZG,33.1341,107.206,CHINA
IAD,38.9531,-77.456,USA
IAH,29.9902,-95.34,USA
IAO,9.8591,126.014,PHILIPPINES
IAR,57.5607,40.1574,RUSSIA
IAS,47.1771,27.62,ROMANIA
IBR,36.1811,140.415,JAPAN
IBZ,38.8749,1.373,SPAIN
ICN,37.4602,126.44,SOUTH KOREA
ICT,37.6509,-97.433,USA
IDA,43.5146,-112.071,USA
IDR,22.7259,75.801,INDIA
IEV,50.3382,30.452,RUSSIA
IFN,32.7463,51.88,IRAN
IFO,48.8842,24.6861,UKRAINE
IGD,39.9806,43.88,TURKEY
IGR,-25.7318,-54.473,ARGENTINA
IGT,43.3223,45.0126,RUSSIA
IGU,-25.5977,-54.487,BRAZIL
IHR,27.2361,60.72,IRAN
IIL,33.5866,46.4048,IRAN
IJK,56.8281,53.4575,RUSSIA
IKA,35.4095,51.16,IRAN
IKT,52.2685,104.395,RUSSIA
ILM,34.2669,-77.903,USA
ILN,39.4279,-83.7921,USA
ILO,10.8315,122.545,PHILIPPINES
ILQ,-17.695,-71.344,PERU
IMF,24.7644,93.897,INDIA
IMP,-5.5317,-47.46,BRAZIL
INC,38.3226,106.3886,CHINA
IND,39.7169,-86.294,USA
INI,43.3376,21.87,SERBIA
INN,47.2576,11.344,AUSTRIA
INT,36.1374,-80.222,USA
INU,-0.5446,166.92,NAURU
INV,57.5433,-4.05,UK
IOA,39.6925,20.822,GREECE
IOS,-14.8145,-39.033,BRAZIL
IPC,-27.1587,-109.422,CHILE
IPL,32.8352,-115.579,USA
IPT,41.2452,-76.921,USA
IQM,38.2336,85.4656,CHINA
IQN,35.7997,107.603,CHINA
IQQ,-20.5364,-70.181,CHILE
IQT,-3.7848,-73.309,PERU
IRJ,-29.3839,-66.796,ARGENTINA
ISA,-20.6685,139.489,AUSTRALIA
ISB,33.6072,73.099,PAKISTAN
ISE,37.8588,30.37,TURKEY
ISG,24.3958,124.187,JAPAN
ISL,40.983,28.81,TURKEY
ISM,28.2898,-81.4371,USA
ISO,35.3314,-77.6088,USA
ISP,40.7956,-73.1,USA
IST,41.2599,28.821,TURKEY
ISU,35.5598,45.33,IRAQ
ITM,34.78,135.438,JAPAN
ITO,19.7188,-155.049,USA
IUE,-19.079,-169.9256,NIUE
IVC,-46.4153,168.313,NEW ZEALAND
IVL,68.6087,27.405,FINLAND
IWJ,34.6764,131.79,JAPAN
IWK,34.1439,132.236,JAPAN
IWS,29.8182,-95.6726,USA
IXA,23.8927,91.241,INDIA
IXB,26.685,88.328,INDIA
IXC,30.6668,76.788,INDIA
IXD,25.4302,81.734,INDIA
IXE,12.9537,74.893,INDIA
IXG,15.8611,74.618,INDIA
IXJ,32.6809,74.838,INDIA
IXL,34.1425,77.546,INDIA
IXM,9.8382,78.093,INDIA
IXR,23.3172,85.321,INDIA
IXS,24.9163,92.979,INDIA
IXU,19.8674,75.398,INDIA
IXZ,11.6503,92.733,INDIA
IZO,35.4136,132.89,JAPAN
JAC,43.6073,-110.738,USA
JAE,-5.5925,-78.774,PERU
JAI,26.8289,75.81,INDIA
JAN,32.3122,-90.076,USA
JAU,-11.7831,-75.4734,PERU
JAX,30.4941,-81.688,USA
JBB,-8.2433,113.6958,INDONESIA
JDH,26.2511,73.0489,INDIA
JDZ,29.3386,117.176,CHINA
JED,21.6677,39.156,SAUDI ARABIA
JER,49.2075,-2.195,UK
JFK,40.6413,-73.779,USA
JGA,22.4607,70.011,INDIA
JGD,50.3714,124.1175,CHINA
JGN,39.8569,98.3414,CHINA
JGS,26.8569,114.737,CHINA
JHB,1.6393,103.669,MALAYSIA
JHG,21.9739,100.76,CHINA
JHM,20.9622,-156.674,USA
JIB,11.5534,43.15,DJIBOUTI
JIC,38.5422,102.3483,CHINA
JIJ,9.3325,42.9121,ETHIOPIA
JIM,7.6656,36.816,ETHIOPIA
JIQ,29.5133,108.8311,CHINA
JJG,-28.6753,-49.0596,BRAZIL
JJN,24.7964,118.59,CHINA
JLR,23.1783,80.052,INDIA
JMJ,22.4158,99.7864,CHINA
JMK,37.4343,25.348,GREECE
JMU,46.8434,130.465,CHINA
JNB,-26.1367,28.246,SOUTH AFRICA
JNG,35.2928,116.3467,CHINA
JNU,58.358,-134.576,USA
JNZ,41.1014,121.062,CHINA
JOG,-7.7877,110.432,INDONESIA
JOI,-26.2242,-48.797,BRAZIL
JON,16.7306,-169.534,JOHNSTON ATOLL
JOT,41.5178,-88.1755,USA
JPA,-7.146,-35.896,BRAZIL
JRB,40.7012,-74.009,USA
JRH,26.7347,94.176,INDIA
JRO,-3.4245,37.074,TANZANIA
JSA,26.8706,70.864,INDIA
JSH,35.217,26.098,GREECE
JSI,39.1766,23.504,GREECE
JSJ,47.11,132.6603,CHINA
JSR,23.1771,89.161,BANGLADESH
JTC,-22.1669,-49.0503,BRAZIL
JTR,36.4003,25.479,GREECE
JUB,4.8675,31.601,SUDAN
JUH,30.7403,117.6856,CHINA
JUJ,-24.386,-65.098,ARGENTINA
JUL,-15.4705,-70.158,PERU
JUZ,28.9658,118.899,CHINA
JXA,45.293,131.193,CHINA
JYR,28.7269,57.6703,IRAN
JZH,32.8533,103.6822,CHINA
KAD,10.6941,7.32,NIGERIA
KAJ,64.2818,27.692,FINLAND
KAN,12.0456,8.524,NIGERIA
KAO,65.9875,29.239,FINLAND
KBL,34.5614,69.212,AFGHANISTAN
KBP,50.3382,30.895,RUSSIA
KBR,6.1698,102.294,MALAYSIA
KBV,8.0993,98.98,THAILAND
KCA,41.6779,82.8729,CHINA
KCH,1.487,110.346,MALAYSIA
KCM,37.5362,36.97,TURKEY
KCO,40.739,30.1,TURKEY
KCZ,33.5474,133.671,JAPAN
KDI,-4.0772,122.417,INDONESIA
KEF,63.9786,-22.606,ICELAND
KEJ,55.2821,86.107,RUSSIA
KEM,65.781,24.599,FINLAND
KER,30.2586,56.957,IRAN
KFE,-22.2908,119.4371,AUSTRALIA
KFS,41.3169,33.8,TURKEY
KGD,54.8824,20.592,RUSSIA
KGF,49.6708,73.3344,KAZAKHSTAN
KGI,-30.7854,121.462,AUSTRALIA
KGL,-1.9631,30.139,RWANDA
KGS,36.8014,27.092,GREECE
KGT,30.1575,101.7347,CHINA
KHD,33.4354,48.2829,IRAN
KHE,46.6722,32.51,UKRAINE
KHG,39.535,76.022,CHINA
KHH,22.5746,120.351,TAIWAN
KHI,24.9008,67.161,PAKISTAN
KHK,29.2603,50.3239,IRAN
KHN,28.8575,115.917,CHINA
KHV,48.527,135.188,RUSSIA
KIH,26.532,53.982,IRAN
KIJ,37.9559,139.121,JAPAN
KIN,17.9376,-76.787,JAMAICA
KIS,-0.09,34.729,KENYA
KIV,46.9352,28.931,MOLDOVA
KIX,34.432,135.23,JAPAN
KJA,56.1729,92.4933,RUSSIA
KJI,48.2223,86.9959,CHINA
KJT,-6.6516,108.1585,INDONESIA
KKE,-35.2602,173.912,NEW ZEALAND
KKJ,33.8392,131.0333,JAPAN
KKN,69.7214,29.887,NORWAY
KLH,16.6652,74.288,INDIA
KLO,11.6859,122.378,PHILIPPINES
KLR,56.6775,16.288,SWEDEN
KLU,46.65,14.333,AUSTRIA
KLX,37.2867,22.026,GREECE
KMG,25.0966,102.743,CHINA
KMI,31.88,131.448,JAPAN
KMJ,32.837,130.855,JAPAN
KMQ,36.3919,136.408,JAPAN
KNH,24.4291,118.359,TAIWAN
KNO,3.6422,98.8853,INDONESIA
KNX,-15.7839,128.707,AUSTRALIA
KOA,19.7369,-156.046,USA
KOE,-10.1689,123.671,INDONESIA
KOJ,31.8029,130.719,JAPAN
KOS,36.8014,27.09,CAMBODIA
KOW,25.8533,114.7789,CHINA
KPB,56.3519,30.89,UKRAINE
KPO,35.9847,129.42,KOREA
KQT,37.8664,68.8647,TAJIKISTAN
KRK,50.077,19.785,POLAND
KRL,41.6978,86.1289,CHINA
KRN,67.8239,20.337,SWEDEN
KRO,55.4629,65.415,RUSSIA
KRR,45.0335,39.172,RUSSIA
KRS,58.2038,8.085,NORWAY
KRT,15.5928,32.553,SUDAN
KRW,40.05,52.983,TURKMENISTAN
KRY,45.4666,84.9527,CHINA
KSA,5.353,162.958,MICRONESIA
KSC,48.6729,21.241,SLOVAKIA
KSD,59.4447,13.3374,SWEDEN
KSF,51.4164,9.378,GERMANY
KSN,53.2069,63.5503,KAZAKHSTAN
KSQ,38.8336,65.9215,UZBEKISTAN
KSR,-6.1784,120.4394,INDONESIA
KSU,63.1145,7.824,NORWAY
KSY,40.5615,43.11,TURKEY
KTA,-20.7087,116.773,AUSTRALIA
KTG,-1.8168,109.963,INDONESIA
KTM,27.6981,85.359,NEPAL
KTN,55.3554,-131.714,USA
KTR,-14.5211,132.378,AUSTRALIA
KTT,67.6953,24.847,FINLAND
KTW,50.4728,19.08,POLAND
KUA,3.7807,103.209,MALAYSIA
KUF,53.5078,50.15,RUSSIA
KUH,43.041,144.193,JAPAN
KUL,2.7347,101.71,MALAYSIA
KUN,54.9639,24.0848,LITHUANIA
KUO,63.0065,27.798,FINLAND
KUT,42.1767,42.4826,GEORGIA
KUV,35.9038,126.616,SOUTH KOREA
KVA,40.9214,24.619,GREECE
KVD,40.7395,46.2998,AZERBAIJAN
KVX,58.5033,49.3483,RUSSIA
KWA,8.7207,167.731,MARSHALL ISLANDS
KWE,26.5385,106.801,CHINA
KWH,37.8921,70.2038,AFGHANISTAN
KWI,29.2404,47.98,KUWAIT
KWJ,35.1398,126.81,KOREA
KWL,25.2159,110.039,CHINA
KYA,37.9787,32.562,TURKEY
KYZ,51.6694,94.4006,RUSSIA
KZN,55.6081,49.277,RUSSIA
KZO,44.7069,65.5925,KAZAKHSTAN
KZR,39.7934,30.13,TURKEY
LAD,-8.8481,13.231,ANGOLA
LAE,-6.5697,146.726,PAPUA NEW GUINEA
LAF,40.4123,-86.9369,USA
LAN,42.7752,-84.587,USA
LAO,18.1781,120.532,PHILIPPINES
LAP,24.0758,-110.362,MEXICO
LAS,36.2093,-115.152,USA
LAW,34.5677,-98.4166,USA
LAX,33.9416,-118.408,USA
LBA,53.8679,-1.661,UK
LBB,33.66,-101.823,USA
LBD,40.2154,69.6947,TAJIKISTAN
LBG,48.9623,2.441,FRANCE
LBJ,-8.4992,119.889,INDONESIA
LBU,5.2944,115.25,MALAYSIA
LBV,0.4571,9.412,GABON
LCA,34.8723,33.625,CYPRUS
LCG,43.3012,-8.377,SPAIN
LCH,30.123,-93.223,USA
LCK,39.8174,-82.928,USA
LCQ,30.182,-82.5769,USA
LCX,25.6747,116.747,CHINA
LCY,51.5048,0.054,UK
LDB,-23.3286,-51.13,BRAZIL
LDE,43.1801,-0.006,FRANCE
LDJ,40.6174,-74.2446,USA
LDS,47.7521,129.0191,CHINA
LEA,-22.2312,114.089,AUSTRALIA
LED,59.8029,30.265,RUSSIA
LEI,36.845,-2.37,SPAIN
LEJ,51.4221,12.236,GERMANY
LEN,42.589,-5.6556,SPAIN
LET,-4.1918,-69.943,COLOMBIA
LEX,38.0365,-84.6059,USA
LFI,37.0828,-76.36,USA
LFM,27.3727,53.1888,IRAN
LFQ,36.1326,111.6412,CHINA
LFT,30.2055,-91.987,USA
LFW,6.1702,1.254,TOGO
LGA,40.7769,-73.872,USA
LGB,33.8168,-118.151,USA
LGG,50.6412,5.443,BELGIUM
LGK,6.3424,99.729,MALAYSIA
LGP,13.1547,123.46,PHILIPPINES
LGW,51.148,-0.19,UK
LHE,31.521,74.403,PAKISTAN
LHR,51.477,-0.461,UK
LHW,36.515,-81.562,USA
LIG,45.863,1.179,FRANCE
LIH,21.976,-159.339,USA
LIL,50.562,3.089,FRANCE
LIM,-12.022,-77.114,PERU
LIN,45.445,9.277,ITALY
LIR,10.593,-85.544,COSTA RICA
LIS,38.781,-9.136,PORTUGAL
LIT,34.729,-92.224,USA
LJG,26.68,100.246,CHINA
LJU,46.224,14.457,SLOVENIA
LKL,70.069,24.973,NORWAY
LKO,26.761,80.886,INDIA
LLA,65.54,22.12,SWEDEN
LLB,25.4525,107.9617,CHINA
LLI,11.975,38.98,ETHIOPIA
LLJ,-3.2837,102.913,INDONESIA
LLO,-3.0863,120.2427,INDONESIA
LLV,37.6833,111.1428,CHINA
LLW,-13.7894,33.781,MALAWI
LMB,-13.7609,34.5857,MALAWI
LMN,4.8083,115.01,MALAYSIA
LMP,35.498,12.618,ITALY
LMT,42.1561,-121.733,USA
LNA,26.593,-80.085,USA
LNJ,23.7381,100.025,CHINA
LNK,40.851,-96.759,USA
LNL,33.788,105.797,CHINA
LNY,20.786,-156.951,USA
LNZ,48.233,14.183,AUSTRIA
LOP,-8.7573,116.2767,INDONESIA
LOS,6.577,3.321,NIGERIA
LPA,27.932,-15.386,CANARY ISLANDS
LPB,-16.513,-68.192,BOLIVIA
LPF,26.6094,104.979,CHINA
LPL,53.334,-2.85,UK
LPQ,19.897,102.161,LAOS
LRM,18.452,-68.912,DOMINICAN REPUBLIC
LRT,47.761,-3.44,FRANCE
LSC,-29.916,-71.191,CHILE
LSF,32.337,-84.991,USA
LSP,11.7808,-70.1515,VENEZUELA
LST,-41.545,147.214,AUSTRALIA
LSV,36.236,-115.034,USA
LSW,5.2267,96.9503,INDONESIA
LTN,51.874,-0.368,UK
LTO,25.989,-111.348,MEXICO
LUG,46.004,8.911,SWITZERLAND
LUM,24.4011,98.5317,CHINA
LUN,-15.331,28.453,ZAMBIA
LUQ,-33.273,-66.356,ARGENTINA
LUV,-5.6616,132.731,INDONESIA
LUW,-1.039,122.772,INDONESIA
LUX,49.626,6.211,LUXEMBURG
LVI,-17.822,25.822,ZAMBIA
LVK,37.6934,-121.82,USA
LWB,37.8583,-80.3995,USA
LWO,49.813,23.956,RUSSIA
LWS,46.3745,-117.015,USA
LXA,29.2978,90.9119,CHINA
LXR,25.671,32.706,EGYPT
LYA,34.7411,112.388,CHINA
LYG,34.5717,118.8736,CHINA
LYI,35.0461,118.412,CHINA
LYP,31.365,72.995,PAKISTAN
LYR,78.246,15.466,NORWAY
LYS,45.726,5.091,FRANCE
LZH,24.2075,109.391,CHINA
LZN,26.1598,119.958,TAIWAN
LZO,29.0163,105.393,CHINA
LZY,29.3033,94.3353,CHINA
MAA,12.994,80.18,INDIA
MAB,-5.37,-49.138,BRAZIL
MAD,40.472,-3.561,SPAIN
MAF,31.942,-102.202,USA
MAH,39.863,4.219,SPAIN
MAJ,7.065,171.272,MARSHALL ISLANDS
MAL,4.1888,73.5286,MALEDIVES
MAM,25.77,-97.525,MEXICO
MAN,53.354,-2.275,UK
MAO,-3.039,-60.05,BRAZIL
MAR,10.558,-71.728,VENEZUELA
MBA,-4.035,39.594,KENYA
MBE,44.304,143.404,JAPAN
MBJ,18.504,-77.913,JAMAICA
MBX,46.48,15.686,SLOVENIA
MCI,39.297,-94.714,USA
MCO,28.429,-81.316,USA
MCP,0.051,-51.072,BRAZIL
MCT,23.593,58.284,OMAN
MCU,46.224,2.363,FRANCE
MCX,42.817,47.652,RUSSIA
MCY,-26.603,153.091,AUSTRALIA
MCZ,-9.51,-35.793,BRAZIL
MDC,1.549,124.926,INDONESIA
MDE,6.164,-75.423,COLOMBIA
MDG,44.5241,129.569,CHINA
MDH,37.7781,-89.252,USA
MDL,21.702,95.978,MYANMAR
MDQ,-37.934,-57.573,ARGENTINA
MDT,40.193,-76.763,USA
MDW,41.786,-87.752,USA
MDY,28.2,-177.381,MIDWAY ISLAND
MDZ,-32.832,-68.793,ARGENTINA
MEB,-37.728,144.902,AUSTRALIA
MEC,-0.946,-80.678,ECUADOR
MED,24.553,39.705,SAUDI ARABIA
MEL,-37.673,144.843,AUSTRALIA
MEM,35.042,-89.977,USA
MES,3.558,98.672,INDONESIA
MEX,19.436,-99.072,MEXICO
MFE,26.176,-98.239,USA
MFG,34.338,73.508,PAKISTAN
MFK,26.2244,120.001,TAIWAN
MFM,22.149,113.591,MACAU
MFR,42.3742,-122.873,USA
MGA,12.141,-86.168,NICARAGUA
MGE,33.915,-84.516,USA
MGF,-23.44,-51.907,BRAZIL
MGL,51.23,6.504,GERMANY
MGM,32.3006,-86.394,USA
MGQ,2.014,45.305,SOMALIA
MGZ,12.443,98.621,MYANMAR
MHC,-42.3404,-73.7157,CHILE
MHD,36.23,59.64,IRAN
MHK,39.141,-96.6708,USA
MHT,42.9326,-71.4357,USA
MIA,25.793,-80.291,USA
MID,20.937,-89.657,MEXICO
MIG,31.4281,104.741,CHINA
MIR,35.758,10.755,TUNISIA
MJT,39.057,26.598,GREECE
MJU,-2.5904,119.0302,INDONESIA
MJV,37.775,-0.812,SPAIN
MKC,39.1232,-94.5928,USA
MKE,42.947,-87.896,USA
MKQ,-8.52,140.418,INDONESIA
MKW,-0.88,134.05,INDONESIA
MKY,-21.172,149.18,AUSTRALIA
MLA,35.857,14.478,MALTA
MLB,28.103,-80.645,USA
MLE,4.192,73.529,MALDIVES
MLG,-7.926,112.714,INDONESIA
MLN,35.28,-2.956,SPANISH NORTH AFRICA
MLU,32.511,-92.037,USA
MLX,38.436,38.092,TURKEY
MMB,43.881,144.164,JAPAN
MMJ,36.167,137.923,JAPAN
MMK,68.782,32.751,RUSSIA
MMU,40.7994,-74.4149,USA
MMX,55.53,13.371,SWEDEN
MMY,24.783,125.295,JAPAN
MNB,-5.931,12.352,ZAIRE
MNC,-14.488,40.712,MOZAMBIQUE
MNL,14.509,121.019,PHILIPPINES
MOB,30.691,-88.243,USA
MOF,-8.641,122.237,INDONESIA
MOL,62.746,7.272,NORWAY
MPH,11.9245,121.954,PHILIPPINES
MPL,43.576,3.963,FRANCE
MPM,-25.921,32.573,MOZAMBIQUE
MPN,-51.823,-58.447,FALKLAND ISLANDS
MQF,53.393,58.76,RUSSIA
MQL,-34.2292,142.086,AUSTRALIA
MQM,37.23,40.64,TURKEY
MQX,13.467,39.533,ETHIOPIA
MQY,36.009,-86.5201,USA
MRA,32.34,15.04,LIBYA
MRI,61.214,-149.846,USA
MRS,43.436,5.214,FRANCE
MRU,-20.43,57.683,MAURITIUS
MRV,44.225,43.082,RUSSIA
MRY,36.587,-121.843,USA
MSC,33.4608,-111.728,USA
MSJ,40.703,141.368,JAPAN
MSN,43.14,-89.337,USA
MSO,46.9163,-114.091,USA
MSP,44.88,-93.217,USA
MSQ,53.882,28.031,RUSSIA
MSR,38.75,41.65,TURKEY
MST,50.911,5.77,NETHERLANDS
MSY,29.993,-90.258,USA
MTJ,38.5098,-107.894,USA
MTR,8.824,-75.826,COLOMBIA
MTT,18.103,-94.581,MEXICO
MTY,25.778,-100.107,MEXICO
MUC,48.354,11.786,GERMANY
MUN,9.749,-63.152,VENEZUELA
MUO,43.043,-115.872,USA
MUS,24.29,153.98,JAPAN
MUX,30.203,71.419,PAKISTAN
MVD,-34.789,-56.264,URUGUAY
MVW,48.4709,-122.421,USA
MWA,37.755,-89.0111,USA
MWH,47.208,-119.32,USA
MWX,34.9914,126.3828,SOUTH KOREA
MXL,32.631,-115.241,MEXICO
MXP,45.631,8.728,ITALY
MXZ,24.35,116.133,CHINA
MYF,32.8127,-117.1414,USA
MYJ,33.827,132.7,JAPAN
MYP,37.6194,61.8967,TURKMENISTAN
MYQ,12.23,76.6558,INDIA
MYR,33.68,-78.928,USA
MYY,4.325,113.988,MALAYSIA
MZG,23.569,119.628,TAIWAN
MZH,40.829,35.522,TURKEY
MZJ,32.5106,-111.328,USA
MZR,36.707,67.209,AFGHANISTAN
MZT,23.161,-106.266,MEXICO
NAG,21.092,79.047,INDIA
NAJ,39.19,45.46,AZERBAIJAN
NAL,43.5129,43.6366,RUSSIA
NAN,-17.754,177.443,FIJI
NAO,30.7955,106.1626,CHINA
NAP,40.886,14.291,ITALY
NAS,25.039,-77.466,BAHAMAS
NAT,-5.911,-35.248,BRAZIL
NAV,38.79,34.61,TURKEY
NBC,55.5645,52.1013,RUSSIA
NBE,36.0758,10.4386,TUNISIA
NBO,-1.3192,36.9278,KENYA
NBS,42.0669,127.6022,CHINA
NBW,19.9065,-75.2071,CUBA
NBX,-3.368,135.496,INDONESIA
NCA,21.917,-71.939,TURKS & CAICOS I.
NCE,43.661,7.218,FRANCE
NCL,55.038,-1.692,UK
NCU,42.486,59.623,RUSSIA
NDB,20.928,-17.031,MAURITANIA
NDC,19.1833,77.3167,INDIA
NDG,47.2396,123.918,CHINA
NDJ,12.134,15.034,CHAD
NDR,34.9888,-3.0282,MOROCCO
NER,56.9139,124.914,RUSSIA
NEV,17.2057,-62.5899,SAINT KITTS AND NEVIS
NEW,30.0424,-90.0283,USA
NGB,29.825,121.465,CHINA
NGF,21.449,-157.768,USA
NGO,34.8586,136.924,JAPAN
NGQ,32.1,80.0531,CHINA
NGS,32.922,129.923,JAPAN
NGU,36.938,-76.289,USA
NIM,13.481,2.184,NIGER
NIP,30.236,-81.681,USA
NJC,60.95,76.467,RUSSIA
NJF,31.99,44.41,IRAQ
NJK,32.829,-115.672,USA
NKC,18.098,-15.948,MAURITANIA
NKG,31.74,118.86,CHINA
NKT,37.36,42.06,USA
NLA,-12.998,28.665,ZAMBIA
NLD,27.444,-99.57,MEXICO
NLH,27.5403,100.7593,CHINA
NLK,-29.041,167.939,AUSTRALIA
NLT,43.4318,83.3786,CHINA
NLU,19.7555,-99.0164,MEXICO
NMA,40.9846,71.5567,UZBEKISTAN
NNG,22.608,108.172,CHINA
NNY,32.9808,112.615,CHINA
NOP,42.0199,35.0824,TURKEY
NOS,-13.312,48.314,MADAGASCAR
NOT,38.1436,-122.556,USA
NOU,-22.014,166.213,NEW CALEDONIA
NOV,-12.809,15.76,ANGOLA
NOZ,53.8114,86.8772,RUSSIA
NPA,30.353,-87.319,USA
NPE,-39.4658,176.87,NEW ZEALAND
NPL,-39.009,174.179,NEW ZEALAND
NQN,-38.949,-68.156,ARGENTINA
NQX,24.576,-81.689,USA
NQY,50.441,-4.995,UK
NQZ,51.0281,71.4633,KAZAKHSTAN
NRT,35.765,140.386,JAPAN
NSI,3.71,11.55,CAMEROON
NSN,-41.298,173.221,NEW ZEALAND
NTD,34.12,-119.121,USA
NTE,47.153,-1.611,FRANCE
NTG,32.0708,120.9756,CHINA
NTL,-32.795,151.834,AUSTRALIA
NTQ,37.2931,136.962,JAPAN
NUE,49.499,11.078,GERMANY
NUM,27.9173,35.292,SAUDI ARABIA
NUW,48.352,-122.656,USA
NUX,66.0694,76.5203,RUSSIA
NVA,2.95,-75.294,COLOMBIA
NVI,40.1222,65.17,UZBEKISTAN
NVT,-26.88,-48.651,BRAZIL
NWI,52.676,1.283,UK
NYT,19.6235,96.201,BURMA
NZH,49.5667,117.33,CHINA
NZL,47.8658,122.7675,CHINA
OAJ,34.8292,-77.6121,USA
OAK,37.721,-122.221,USA
OBO,42.733,143.217,JAPAN
OCF,29.1726,-82.2242,USA
OCM,-22.54,117.275,AUSTRALIA
ODS,46.427,30.678,RUSSIA
OER,63.408,18.99,SWEDEN
OFF,41.118,-95.913,USA
OGD,41.1959,-112.012,USA
OGG,20.899,-156.431,USA
OGU,40.97,38.08,TURKEY
OGZ,43.2051,44.6066,RUSSIA
OHA,-40.206,175.388,NEW ZEALAND
OHD,41.18,20.742,FORMER MACEDONIA
OHE,52.9128,122.43,CHINA
OHS,24.386,56.6254,OMAN
OIT,33.479,131.737,JAPAN
OKA,26.196,127.646,JAPAN
OKC,35.393,-97.601,USA
OKD,43.1174,141.3813,JAPAN
OKI,36.181,133.325,JAPAN
OKJ,34.757,133.856,JAPAN
OKO,35.748,139.348,JAPAN
OLB,40.899,9.518,ITALY
OMA,41.302,-95.894,USA
OME,64.512,-165.445,USA
OMO,43.283,17.846,BOSNIA-HERCEGOVINA
OMS,54.967,73.31,RUSSIA
ONJ,40.1919,140.371,JAPAN
ONQ,41.51,32.09,TURKEY
ONT,34.056,-117.601,USA
OOL,-28.164,153.505,AUSTRALIA
OPO,41.248,-8.681,ACORES
ORD,41.979,-87.904,USA
ORF,36.894,-76.201,USA
ORK,51.843,-8.492,IRELAND
ORL,28.545,-81.333,USA
ORN,35.624,-0.621,ALGERIA
ORY,48.725,2.359,FRANCE
OSD,63.194,14.502,SWEDEN
OSH,43.9844,-88.557,USA
OSI,45.463,18.811,CROATIA
OSL,60.194,11.1,NORWAY
OSN,37.091,127.029,KOREA
OSR,49.696,18.111,CZECH REPUBLIC
OSS,40.609,72.793,RUSSIA
OST,51.199,2.862,BELGIUM
OSU,40.0798,-83.073,USA
OSW,51.0725,58.5956,RUSSIA
OTP,44.574,26.103,ROMANIA
OTZ,66.884,-162.598,USA
OUA,12.353,-1.512,BURKINA FASO
OUD,34.787,-1.924,MOROCCO
OUL,64.93,25.354,FINLAND
OUN,35.241,-97.4681,USA
OVB,55.01,82.65,RUSSIA
OVD,43.563,-6.034,SPAIN
OXB,11.8948,-15.6537,GUINEA-BISSAU
OZC,8.1785,123.842,PHILIPPINES
OZH,47.87,35.3,UKRAINE
OZP,37.175,-5.616,SPAIN
PAD,51.614,8.616,GERMANY
PAE,47.906,-122.281,USA
PAG,7.8307,123.4612,PHILIPPINES
PAM,30.07,-85.576,USA
PAP,18.58,-72.293,HAITI
PAS,37.0205,25.1132,GREECE
PAT,25.591,85.088,INDIA
PBI,26.683,-80.096,USA
PBM,5.453,-55.188,SURINAM
PCL,-8.378,-74.574,PERU
PDG,-0.876,100.352,INDONESIA
PDL,37.741,-25.698,ACORES
PDP,-34.914,-54.921,URUGUAY
PDX,45.589,-122.597,USA
PEE,57.917,56.026,RUSSIA
PEG,43.096,12.513,ITALY
PEI,4.813,-75.739,COLOMBIA
PEK,40.08,116.584,CHINA
PEM,-12.614,-69.229,PERU
PEN,5.297,100.277,MALAYSIA
PER,-31.94,115.967,AUSTRALIA
PES,61.8852,34.1547,RUSSIA
PEW,33.994,71.514,PAKISTAN
PEZ,53.112333,45.01575,RUSSIA
PFO,34.718,32.486,CYPRUS
PGF,42.74,2.871,FRANCE
PGK,-2.163,106.139,INDONESIA
PGU,27.3796,52.7377,IRAN
PHC,5.015,6.949,NIGERIA
PHE,-20.378,118.626,AUSTRALIA
PHF,37.132,-76.493,USA
PHL,39.872,-75.241,USA
PHX,33.434,-112.008,USA
PIB,31.4671,-89.3371,USA
PIE,27.911,-82.687,USA
PIH,42.9098,-112.596,USA
PIK,55.508,-4.587,UK
PIO,-13.745,-76.22,PERU
PIT,40.491,-80.233,USA
PIU,-5.206,-80.616,PERU
PKC,53.166,158.453,RUSSIA
PKN,-2.705,111.673,INDONESIA
PKU,0.461,101.444,INDONESIA
PKX,39.5099,116.4109,CHINA
PKY,-2.225,113.943,INDONESIA
PLM,-2.898,104.701,INDONESIA
PLQ,55.9732,21.0939,LITHUANIA
PLS,21.774,-72.266,TURKS & CAICOS I.
PLW,-0.918,119.909,INDONESIA
PLX,50.351,80.234,RUSSIA
PMC,-41.439,-73.094,CHILE
PMI,39.55,2.733,SPAIN
PMO,38.176,13.091,ITALY
PMR,-40.321,175.617,NEW ZEALAND
PMV,10.912,-63.966,VENEZUELA
PMW,-10.2915,-48.357,BRAZIL
PNA,42.77,-1.646,SPAIN
PNH,11.546,104.844,CAMBODIA
PNI,6.985,158.209,MICRONESIA
PNK,-0.151,109.404,INDONESIA
PNL,36.816,11.969,ITALY
PNQ,18.582,73.919,INDIA
PNR,-4.813,11.886,CONGO
PNS,30.473,-87.187,USA
PNT,-51.6715,-72.5284,CHILE
POA,-29.994,-51.171,BRAZIL
POB,35.171,-79.014,USA
POC,34.0916,-117.782,USA
POL,-12.987,40.522,MOZAMBIQUE
POM,-9.443,147.22,PAPUA NEW GUINEA
POP,19.757,-70.57,DOMINICAN REPUBLIC
POS,10.595,-61.337,TRINIDAD & TOBAGO
POZ,52.421,16.826,POLAND
PPG,-14.331,-170.71,SAMOA
PPP,-20.495,148.552,AUSTRALIA
PPS,9.742,118.759,PHILIPPINES
PPT,-17.56,-149.61,FRENCH POLYNESIA
PQC,10.1698,103.9931,VIETNAM
PQQ,-31.4358,152.863,AUSTRALIA
PRA,-31.795,-60.48,ARGENTINA
PRG,50.101,14.26,CZECH REPUBLIC
PRM,37.1493,-8.584,PORTUGAL
PRN,42.573,21.036,YUGOSLAVIA
PSA,43.684,10.393,ITALY
PSC,46.2647,-119.119,USA
PSG,56.8017,-132.945,USA
PSM,43.0779,-70.8233,USA
PSO,1.396,-77.291,COLOMBIA
PSP,33.829,-116.507,USA
PSR,42.431,14.181,ITALY
PSS,-27.386,-55.971,ARGENTINA
PSU,0.8356,112.937,INDONESIA
PTF,-17.7779,177.197,FIJI
PTK,42.6655,-83.4201,USA
PTP,16.265,-61.532,ANTILLES
PTT,37.7016,-98.7469,USA
PTY,9.071,-79.383,PANAMA
PUB,38.289,-104.496,USA
PUF,43.38,-0.419,FRANCE
PUJ,18.567,-68.363,DOMINICAN REPUBLIC
PUQ,-52.3326,-71.4029,CHILE
PUS,35.179,128.938,KOREA
PUW,46.7439,-117.11,USA
PUY,44.893,13.922,CROATIA
PVD,41.724,-71.428,USA
PVG,31.14,121.81,CHINA
PVH,-8.709,-63.902,BRAZIL
PVK,38.925,20.765,GREECE
PVR,20.68,-105.254,MEXICO
PVS,64.38,-173.247,RUSSIA
PVU,40.2192,-111.723,USA
PWK,42.1142,-87.9015,USA
PWM,43.646,-70.309,USA
PWQ,52.195,77.0739,KAZAKHSTAN
PXO,33.073,-16.35,MADEIRA
PXU,14.0045,108.017,VIETNAM
PYJ,66.4004,112.03,RUSSIA
PZI,26.54,101.7985,CHINA
PZO,8.288,-62.76,VENEZUELA
QEF,49.96,8.6458,GERMANY
QPG,1.36,103.909,SINGAPORE
QQH,55.75,-60.5833,CANADA
QQI,46.3275,-119.9706,USA
QRO,20.624,-100.369,MEXICO
QSF,36.1781,5.3245,ALGERIA
QSZ,39.4677,75.9938,CHINA
RAE,30.907,41.138,SAUDI ARABIA
RAH,29.626,43.491,SAUDI ARABIA
RAI,14.924,-23.493,CAPE VERDE ISLANDS
RAJ,22.309,70.779,INDIA
RAK,31.607,-8.036,MOROCCO
RAO,-21.134,-47.774,BRAZIL
RAP,44.0384,-103.0605,USA
RAQ,-4.7606,122.5694,INDONESIA
RAR,-21.203,-159.806,COOK ISLANDS
RBA,34.051,-6.751,MOROCCO
RBR,-9.869,-67.894,BRAZIL
RCA,44.145,-103.103,USA
RCH,11.526,-72.926,COLOMBIA
RDB,68.0321,-162.899,USA
RDM,44.2541,-121.15,USA
RDP,23.6225,87.243,INDIA
RDU,35.877,-78.787,USA
REC,-8.126,-34.923,BRAZIL
REG,38.071,15.651,ITALY
REL,-43.21,-65.27,ARGENTINA
REN,51.796,55.457,RUSSIA
REP,13.411,103.813,CAMBODIA
RES,-27.45,-59.056,ARGENTINA
REU,41.147,1.167,SPAIN
RFD,42.1954,-89.0972,USA
RGA,-53.777,-67.749,ARGENTINA
RGK,51.9667,85.8333,RUSSIA
RGL,-51.609,-69.313,ARGENTINA
RGN,16.907,96.133,MYANMAR
RHO,36.405,28.086,GREECE
RIC,37.505,-77.319,USA
RIS,45.242,141.186,JAPAN
RIV,33.881,-117.259,USA
RIX,56.92,23.97,RUSSIA
RIZ,35.405,119.3244,CHINA
RJA,17.109,81.818,INDIA
RJH,24.437,88.616,BANGLADESH
RJK,45.217,14.57,CROATIA
RKH,34.9878,-81.0572,USA
RKT,25.613,55.939,UAE
RKV,64.13,-21.941,ICELAND
RKZ,29.3519,89.3114,CHINA
RLG,53.918,12.279,GERMANY
RLK,40.926,107.7428,CHINA
RME,43.234,-75.407,USA
RMF,25.5571,34.5837,EGYPT
RMI,44.02,12.612,ITALY
RMQ,24.2647,120.621,TAIWAN
RMS,49.438,7.601,GERMANY
RMU,37.803,-1.125,SPAIN
RNB,56.267,15.265,SWEDEN
RNO,39.498,-119.768,USA
RNS,48.069,-1.735,FRANCE
RNT,47.4931,-122.216,USA
ROA,37.3255,-79.9754,USA
ROB,6.234,-10.362,LIBERIA
ROC,43.119,-77.672,USA
ROK,-23.382,150.475,AUSTRALIA
ROR,7.367,134.544,PALAU ISLAND
ROS,-32.903,-60.784,ARGENTINA
ROT,-38.109,176.317,NEW ZEALAND
ROV,47.258,39.818,RUSSIA
ROW,33.301,-104.531,USA
RPR,21.18,81.739,INDIA
RST,43.9083,-92.5,USA
RSU,34.84,127.615,KOREA
RSW,26.536,-81.755,USA
RTB,16.317,-86.522,HONDURAS
RTM,51.957,4.442,NETHERLANDS
RTW,51.565,46.0467,RUSSIA
RUD,36.4253,55.1042,IRAN
RUH,24.957,46.699,SAUDI ARABIA
RUN,-20.887,55.51,REUNION ISLAND
RVN,66.565,25.83,FINLAND
RXS,11.5977,122.752,PHILIPPINES
SAC,38.513,-121.493,USA
SAG,19.6886,74.3789,INDIA
SAL,13.441,-89.056,EL SALVADOR
SAN,32.733,-117.189,USA
SAP,15.452,-87.923,HONDURAS
SAT,29.534,-98.47,USA
SAV,32.127,-81.202,USA
SAW,40.91,29.32,TURKEY
SBA,34.4262,-119.84,USA
SBD,34.0954,-117.235,USA
SBN,41.7087,-86.3173,USA
SBP,35.2368,-120.642,USA
SBT,71.2192,72.0522,RUSSIA
SBW,2.264,111.983,MALAYSIA
SBZ,45.786,24.091,ROMANIA
SCC,70.195,-148.465,USA
SCE,40.8493,-77.8487,USA
SCL,-33.393,-70.786,CHILE
SCN,49.214,7.109,GERMANY
SCO,43.8601,51.092,KAZAKHSTAN
SCQ,42.896,-8.415,SPAIN
SCR,61.1567,12.8373,SWEDEN
SCU,19.97,-75.836,CUBA
SCW,61.648,50.846,RUSSIA
SCY,-0.9102,-89.6174,ECUADOR
SDD,-14.9247,13.575,ANGOLA
SDE,-27.766,-64.31,ARGENTINA
SDF,38.1744,-85.736,USA
SDJ,38.139,140.917,JAPAN
SDK,5.9,118.06,MALAYSIA
SDL,62.528,17.444,SWEDEN
SDQ,18.429,-69.669,DOMINICAN REPUBLIC
SDR,43.427,-3.82,SPAIN
SDU,-22.91,-43.163,BRAZIL
SEA,47.449,-122.309,USA
SEE,32.8262,-116.972,USA
SEN,51.571,0.696,UK
SEZ,-4.674,55.522,SEYCHELLES
SFA,34.718,10.691,TUNISIA
SFB,28.7776,-81.2375,USA
SFJ,67.017,-50.689,GREENLAND
SFN,-31.712,-60.812,ARGENTINA
SFO,37.619,-122.375,USA
SFS,14.7944,120.271,PHILIPPINES
SFT,64.625,21.077,SWEDEN
SGC,61.25,73.5,RUSSIA
SGF,37.2457,-93.3886,USA
SGN,10.82,106.662,VIET NAM
SGR,29.6223,-95.6565,USA
SHA,31.198,121.336,CHINA
SHB,43.577,144.96,JAPAN
SHC,14.399,38.1979,ETHIOPIA
SHE,41.6398,123.483,CHINA
SHF,44.2449,85.8959,CHINA
SHI,24.827,125.145,JAPAN
SHJ,25.328,55.517,UAE
SHL,25.7036,91.9787,INDIA
SHM,33.662,135.364,JAPAN
SHV,32.446,-93.826,USA
SHW,17.467,47.121,SAUDI ARABIA
SID,16.741,-22.949,CAPE VERDE ISLANDS
SIN,1.356,103.987,SINGAPORE
SIP,45.039,33.983,RUSSIA
SIT,57.047,-135.361,USA
SJC,37.362,-121.929,USA
SJD,23.152,-109.721,MEXICO
SJJ,43.824,18.331,BOSNIA-HERCEGOVINA
SJK,-23.229,-45.861,BRAZIL
SJO,9.994,-84.209,COSTA RICA
SJP,-20.816,-49.406,BRAZIL
SJU,18.439,-66.002,PUERTO RICO
SJW,38.2807,114.697,CHINA
SKB,17.311,-62.719,ST. KITTS & NEVIS
SKD,39.701,66.985,RUSSIA
SKF,29.384,-98.581,USA
SKG,40.52,22.971,GREECE
SKP,41.961,21.621,FORMER MACEDONIA
SKT,32.5356,74.3639,PAKISTAN
SKU,38.968,24.487,GREECE
SKX,54.1251,45.2123,RUSSIA
SLA,-24.856,-65.486,ARGENTINA
SLC,40.788,-111.978,USA
SLJ,-22.2554,117.7627,AUSTRALIA
SLL,17.039,54.091,OMAN
SLM,40.952,-5.502,SPAIN
SLN,38.791,-97.6522,USA
SLY,66.5908,66.611,RUSSIA
SLZ,-2.589,-44.236,BRAZIL
SMA,36.971,-25.171,ACORES
SMF,38.695,-121.591,USA
SMI,37.69,26.912,GREECE
SMO,34.0158,-118.451,USA
SMR,11.119,-74.231,COLOMBIA
SMV,46.532,9.883,SWITZERLAND
SNA,33.676,-117.868,USA
SNN,52.702,-8.925,IRELAND
SNU,22.492,-79.944,CUBA
SOC,-7.516,110.757,INDONESIA
SOF,42.695,23.406,BULGARIA
SOQ,-0.926,131.12,INDONESIA
SPC,28.626,-17.756,SPAIN
SPD,25.759,88.909,BANGLADESH
SPK,42.794,141.666,JAPAN
SPN,15.119,145.729,MARIANA ISLANDS
SPS,33.989,-98.492,USA
SPU,43.539,16.298,CROATIA
SQD,28.3797,117.9643,CHINA
SQG,0.0636,111.473,INDONESIA
SQJ,26.4263,117.8336,CHINA
SRG,-6.973,110.375,INDONESIA
SRQ,27.3954,-82.5544,USA
SSA,-12.911,-38.331,BRAZIL
SSC,33.973,-80.473,USA
SSG,3.755,8.709,EQUATORIAL GUINEA
SSH,27.98,34.39,EGYPT
SSN,37.446,127.114,KOREA
STD,7.565,-72.035,VENEZUELA
STI,19.409,-70.616,DOMINICAN REPUBLIC
STL,38.748,-90.36,USA
STM,-2.4248,-54.7862,BRAZIL
STN,51.885,0.235,UK
STP,44.9345,-93.06,USA
STR,48.69,9.222,GERMANY
STS,38.509,-122.813,USA
STT,18.337,-64.973,VIRGIN ISL.
STV,21.115,72.743,INDIA
STW,45.109,42.113,RUSSIA
STX,17.702,-64.798,VIRGIN ISL.
SUB,-7.38,112.787,INDONESIA
SUF,38.906,16.242,ITALY
SUN,43.5044,-114.296,USA
SUU,38.263,-121.927,USA
SUV,-18.043,178.559,FIJI
SUX,42.402,-96.384,USA
SVD,13.144,-61.211,ST.VINCENT/GRENADINES
SVG,58.877,5.638,NORWAY
SVL,61.943,28.945,FINLAND
SVN,32.01,-81.146,USA
SVO,55.972,37.415,RUSSIA
SVQ,37.418,-5.893,SPAIN
SVX,56.741,60.804,RUSSIA
SWA,23.4,116.683,CHINA
SWF,41.504,-74.105,USA
SWO,36.1612,-97.0857,USA
SWQ,-8.489,117.412,INDONESIA
SXB,48.538,7.628,FRANCE
SXF,52.38,13.523,GERMANY
SXM,18.041,-63.109,ANTILLES
SXR,33.987,74.774,INDIA
SXZ,37.98,41.84,TURKEY
SYA,52.712,174.114,USA
SYD,-33.946,151.177,AUSTRALIA
SYJ,29.5509,55.6727,IRAN
SYM,22.7933,100.959,CHINA
SYO,38.8122,139.787,JAPAN
SYR,43.111,-76.106,USA
SYX,18.3029,109.412,CHINA
SYY,58.214,-6.329,UK
SYZ,29.539,52.589,IRAN
SZA,-6.141,12.372,ANGOLA
SZB,3.1306,101.549,MALAYSIA
SZE,11.7905,40.9923,ETHIOPIA
SZF,41.26,36.56,TURKEY
SZG,47.793,13.004,AUSTRIA
SZL,38.73,-93.548,USA
SZX,22.639,113.812,CHINA
SZZ,53.585,14.902,POLAND
TAB,11.149,-60.832,TRINIDAD & TOBAGO
TAC,11.227,125.028,PHILIPPINES
TAE,35.894,128.659,KOREA
TAG,9.6654,123.8535,PHILIPPINES
TAK,34.214,134.016,JAPAN
TAO,36.263,120.375,CHINA
TAP,14.794,-92.37,MEXICO
TAR,40.516,17.402,ITALY
TAS,41.257,69.282,UZBEKISTAN
TAZ,41.7611,59.8267,TURKMENISTAN
TBB,13.0496,109.334,VIETNAM
TBN,37.741,-92.141,USA
TBP,-3.552,-80.381,PERU
TBS,41.669,44.955,GEORGIA
TBU,-21.241,-175.15,TONGA
TBZ,38.133,46.235,IRAN
TCG,46.6725,83.3408,CHINA
TCL,33.2206,-87.6114,USA
TCM,47.138,-122.476,USA
TCQ,-18.053,-70.276,PERU
TCR,8.7212,79.0222,INDIA
TCX,33.6678,56.8927,IRAN
TCZ,24.9381,98.4858,CHINA
TDW,35.1702,-101.8283,USA
TDZ,41.5659,-83.4828,USA
TEB,40.85,-74.061,USA
TEN,27.8833,109.3089,CHINA
TEQ,41.1382,27.9191,TURKEY
TER,38.764,-27.093,ACORES
TET,-16.105,33.64,MOZAMBIQUE
TEU,-45.533,167.65,NEW ZEALAND
TEV,40.403,-1.2183,SPAIN
TFN,28.482,-16.341,CANARY ISLANDS
TFS,28.044,-16.572,CANARY ISLANDS
TGD,42.359,19.252,YUGOSLAVIA
TGG,5.382,103.103,MALAYSIA
TGM,46.468,24.412,ROMANIA
TGO,43.5567,122.2,CHINA
TGU,14.061,-87.217,HONDURAS
TGZ,16.769,-93.341,MEXICO
THD,19.8919,105.4753,VIETNAM
THE,-5.06,-42.823,BRAZIL
THR,35.689,51.313,IRAN
THU,76.531,-68.703,GREENLAND
TIA,41.415,19.721,ALBANIA
TIF,21.483,40.544,SAUDI ARABIA
TIJ,32.541,-116.97,MEXICO
TIK,35.415,-97.386,USA
TIM,-4.528,136.887,INDONESIA
TIN,27.7,-8.167,ALGERIA
TIR,13.632,79.543,INDIA
TIU,-44.303,171.225,NEW ZEALAND
TIV,42.404,18.723,YUGOSLAVIA
TJM,57.1896,65.3243,RUSSIA
TJQ,-2.746,107.755,INDONESIA
TKG,-5.2406,105.1756,INDONESIA
TKK,7.462,151.843,MICRONESIA
TKS,34.133,134.606,JAPAN
TKU,60.514,22.263,FINLAND
TLC,19.337,-99.566,MEXICO
TLH,30.396,-84.35,USA
TLK,59.8764,111.0444,RUSSIA
TLL,59.413,24.833,ESTONIA
TLM,35.017,-1.45,ALGERIA
TLN,43.097,6.146,FRANCE
TLQ,43.0308,89.0987,CHINA
TLS,43.629,1.364,FRANCE
TLV,32.009,34.877,ISRAEL
TMC,-9.4097,119.244,INDONESIA
TMJ,37.2867,67.31,UZBEKISTAN
TMP,61.414,23.604,FINLAND
TMR,22.811,5.451,ALGERIA
TMS,0.378,6.712,SAO TOME & PRINCIPE
TMW,-31.084,150.847,AUSTRALIA
TNA,36.8572,117.216,CHINA
TNF,48.752,2.106,FRANCE
TNG,35.727,-5.917,MOROCCO
TNH,42.2539,125.7033,CHINA
TNI,24.5572,80.8633,MARIANA ISLANDS
TNJ,0.922,104.532,INDONESIA
TNN,22.95,120.206,TAIWAN
TNR,-18.797,47.479,MADAGASCAR
TOF,56.3803,85.2083,RUSSIA
TOJ,40.487,-3.458,SPAIN
TOL,41.5868,-83.8078,USA
TOS,69.683,18.919,NORWAY
TOY,36.648,137.187,JAPAN
TPA,27.975,-82.533,USA
TPE,25.08,121.232,TAIWAN
TPF,27.9156,-82.4493,USA
TPP,-6.509,-76.373,PERU
TPS,37.913,12.488,ITALY
TRB,8.0733,-76.7401,COLOMBIA
TRC,25.568,-103.411,MEXICO
TRD,63.458,10.94,NORWAY
TRF,59.187,10.259,NORWAY
TRG,-37.672,176.196,NEW ZEALAND
TRI,36.4752,-82.4074,USA
TRK,3.326,117.566,INDONESIA
TRN,45.201,7.649,ITALY
TRS,45.828,13.466,ITALY
TRU,-8.085,-79.109,PERU
TRV,8.482,76.918,INDIA
TRZ,10.765,78.709,INDIA
TSA,25.069,121.552,TAIWAN
TSE,51.022,71.467,RUSSIA
TSF,45.649,12.195,ITALY
TSJ,34.285,129.33,JAPAN
TSN,39.124,117.346,CHINA
TSR,45.81,21.338,ROMANIA
TSV,-19.253,146.765,AUSTRALIA
TSY,-7.3466,108.246,INDONESIA
TTD,45.5494,-122.401,USA
TTE,0.832,127.381,INDONESIA
TTJ,35.53,134.166,JAPAN
TTT,22.757,121.093,TAIWAN
TUC,-26.841,-65.105,ARGENTINA
TUI,31.692,38.731,SAUDI ARABIA
TUL,36.198,-95.888,USA
TUN,36.851,10.227,TUNISIA
TUO,-38.74,176.084,NEW ZEALAND
TUP,34.2681,-88.7699,USA
TUS,32.116,-110.941,USA
TUU,28.365,36.619,SAUDI ARABIA
TVC,44.7414,-85.5822,USA
TVS,39.7242,117.9996,CHINA
TWC,39.8649,79.0693,CHINA
TWF,42.4818,-114.488,USA
TWU,4.313,118.122,MALAYSIA
TXL,52.559,13.287,GERMANY
TXN,29.7333,118.256,CHINA
TYL,-4.576,-81.254,PERU
TYN,37.747,112.629,CHINA
TYS,35.812,-83.993,USA
TZA,17.5162,-88.1947,BELIZE
TZX,40.995,39.79,TURKEY
UAM,13.584,144.93,MARIANA ISLANDS
UAQ,-31.571,-68.418,ARGENTINA
UBJ,33.93,131.279,JAPAN
UBP,15.2513,104.87,THAILAND
UCB,41.1297,113.1081,CHINA
UDI,-18.883,-48.226,BRAZIL
UDR,24.617,73.913,INDIA
UEO,26.363,126.714,JAPAN
UFA,54.557,55.874,RUSSIA
UGC,41.5843,60.6417,UZBEKISTAN
UHE,49.0294,17.4397,CZECH REPUBLIC
UIH,13.955,109.042,VIETNAM
UIO,-0.141,-78.488,ECUADOR
UKB,34.6328,135.224,JAPAN
UKK,50.0366,82.4942,KAZAKHSTAN
ULH,26.48,38.1289,SAUDI ARABIA
ULN,47.843,106.766,MONGOLIA
ULV,54.2683,48.2267,RUSSIA
ULY,54.401,48.8027,RUSSIA
UME,63.792,20.282,SWEDEN
UNA,-15.3552,-38.999,BRAZIL
UPG,-5.062,119.554,INDONESIA
URA,51.152,51.546,RUSSIA
URC,43.907,87.474,CHINA
URS,51.7506,36.2956,RUSSIA
URT,9.1326,99.1356,THAILAND
URY,31.411,37.279,SAUDI ARABIA
USH,-54.843,-68.296,ARGENTINA
USM,9.5478,100.062,THAILAND
USN,35.593,129.352,KOREA
USQ,38.68,29.48,TURKEY
USU,12.1215,120.1,PHILIPPINES
UTP,12.68,101.005,THAILAND
UUD,51.807,107.438,RUSSIA
UUS,46.889,142.717,RUSSIA
UVF,13.733,-60.953,ST. LUCIA ISLAND
UYN,38.3597,109.5909,CHINA
VAA,63.051,21.761,FINLAND
VAD,30.968,-83.193,USA
VAN,38.468,43.332,TURKEY
VAR,43.232,27.825,BULGARIA
VAS,39.814,36.903,TURKEY
VBG,34.729,-120.577,USA
VBS,45.429,10.331,ITALY
VBY,57.663,18.346,SWEDEN
VCA,10.0851,105.712,VIETNAM
VCE,45.505,12.352,ITALY
VCL,15.4033,108.706,VIETNAM
VCO,-23.01,-47.14,BRAZIL
VCP,-23.008,-47.134,BRAZIL
VCS,8.7318,106.633,VIETNAM
VCV,34.593,-117.379,USA
VDF,28.0112,-82.3445,USA
VDH,17.515,106.5906,VIETNAM
VDO,21.1139,107.4194,VIETNAM
VER,19.145,-96.187,MEXICO
VFA,-18.096,25.839,ZIMBABWE
VGA,16.53,80.797,INDIA
VGO,42.232,-8.627,SPAIN
VIE,48.11,16.57,AUSTRIA
VII,18.7376,105.671,VIETNAM
VIL,23.7183,-15.932,WESTERN SAHARA
VIN,49.2425,28.6138,UKRAINE
VIT,42.883,-2.724,SPAIN
VIX,-20.256,-40.289,BRAZIL
VKG,9.958,105.1324,VIETNAM
VKO,55.591,37.261,RUSSIA
VLC,39.489,-0.481,SPAIN
VLI,-17.699,168.32,VANUATU
VLL,41.706,-4.852,SPAIN
VNO,54.6341,25.2858,LITHUANIA
VNS,25.452,82.859,INDIA
VNX,-22.018,35.313,MOZAMBIQUE
VOG,48.782,44.345,RUSSIA
VOK,43.939,-90.2534,USA
VOL,39.219,22.794,GREECE
VOZ,51.814,39.23,RUSSIA
VPS,30.483,-86.525,USA
VPY,-19.1513,33.429,MOZAMBIQUE
VQQ,30.2187,-81.8767,USA
VRA,23.034,-81.435,CUBA
VRN,45.396,10.888,ITALY
VSA,17.997,-92.817,MEXICO
VTE,17.988,102.563,LAOS
VTZ,17.7212,83.2245,INDIA
VUP,10.435,-73.249,COLOMBIA
VVC,4.168,-73.614,COLOMBIA
VVI,-17.645,-63.135,BOLIVIA
VVO,43.399,132.151,RUSSIA
VXC,-13.274,35.266,MOZAMBIQUE
VXO,56.929,14.728,SWEDEN
WAE,20.5043,45.1996,SAUDI ARABIA
WAW,52.166,20.967,POLAND
WDH,-22.4799,17.4709,NAMIBIA
WDS,32.5917,110.9078,CHINA
WEF,36.6467,119.119,CHINA
WEH,37.1871,122.229,CHINA
WGA,-35.165,147.466,AUSTRALIA
WGN,26.802,110.642,CHINA
WJU,37.4412,127.9639,SOUTH KOREA
WKJ,45.404,141.801,JAPAN
WLG,-41.327,174.805,NEW ZEALAND
WMI,52.4511,20.6518,POLAND
WMT,27.8164,106.3327,CHINA
WNH,23.5636,104.3336,CHINA
WNI,-5.2897,123.636,INDONESIA
WNZ,27.9122,120.852,CHINA
WOE,51.449,4.342,NETHERLANDS
WRB,32.64,-83.592,USA
WRE,-35.768,174.365,NEW ZEALAND
WRG,56.4843,-132.37,USA
WRI,40.016,-74.594,USA
WRO,51.102,16.886,POLAND
WSK,31.0652,109.7051,CHINA
WTB,-27.5583,151.7933,AUSTRALIA
WUA,39.7934,106.7993,CHINA
WUH,30.784,114.208,CHINA
WUS,27.7019,118.001,CHINA
WUT,38.5975,112.9692,CHINA
WUX,31.4944,120.429,CHINA
WUZ,23.4567,111.248,CHINA
WXN,30.8017,108.433,CHINA
XAI,32.5421,114.08,CHINA
XAP,-27.134,-52.656,BRAZIL
XBJ,32.896,59.276,IRAN
XCR,48.7733,4.2061,FRANCE
XFN,32.1506,112.291,CHINA
XFW,53.535,9.835,GERMANY
XIC,27.989,102.184,CHINA
XIL,43.9156,115.964,CHINA
XIY,34.446,108.752,CHINA
XJD,25.1173,51.315,QATAR
XMN,24.544,118.127,CHINA
XNA,36.2819,-94.3068,USA
XNN,36.5275,102.043,CHINA
XRY,36.744,-6.06,SPAIN
XSP,1.417,103.867,SINGAPORE
XUZ,34.0591,117.5553,CHINA
YAK,59.503,-139.66,USA
YAM,46.485,-84.509,CANADA
YAP,9.499,138.082,MICRONESIA
YBG,48.331,-70.996,CANADA
YBP,28.8006,104.545,CHINA
YCD,49.052,-123.87,CANADA
YCU,35.1164,111.0314,CHINA
YDF,49.211,-57.391,CANADA
YDT,49.0742,-123.012,CANADA
YEG,53.31,-113.58,CANADA
YEI,40.25,29.56,TURKEY
YES,30.7005,51.5451,IRAN
YFB,63.756,-68.556,CANADA
YFC,45.869,-66.532,CANADA
YFI,57.2758,-110.9767,USA
YGJ,35.492,133.236,JAPAN
YHM,43.173,-79.935,CANADA
YHU,45.517,-73.417,CANADA
YHZ,44.881,-63.509,CANADA
YIA,-7.9003,110.0591,INDONESIA
YIC,27.8025,114.3062,CHINA
YIH,30.5566,111.48,CHINA
YIN,43.9558,81.3303,CHINA
YIP,42.238,-83.53,USA
YIW,29.3447,120.032,CHINA
YJT,48.544,-58.55,CANADA
YKF,43.459,-80.384,CANADA
YKH,40.5425,122.3586,CHINA
YKM,46.5682,-120.544,USA
YKO,37.55,44.26,TURKEY
YKS,62.093,129.771,RUSSIA
YKZ,43.862,-79.37,CANADA
YLW,49.956,-119.378,CANADA
YLY,49.1008,-122.631,CANADA
YMM,56.653,-111.222,CANADA
YMO,51.291,-80.608,CANADA
YMX,45.68,-74.039,CANADA
YNB,24.144,38.063,SAUDI ARABIA
YND,45.521,-75.564,CANADA
YNG,41.261,-80.679,USA
YNJ,42.8828,129.451,CHINA
YNT,37.402,121.372,CHINA
YNY,38.0613,128.669,SOUTH KOREA
YNZ,33.4258,120.2031,CHINA
YOO,43.9228,-78.895,CANADA
YOW,45.323,-75.669,CANADA
YQB,46.788,-71.398,CANADA
YQG,42.276,-82.956,CANADA
YQM,46.112,-64.679,CANADA
YQQ,49.711,-124.887,CANADA
YQR,50.432,-104.666,CANADA
YQT,48.372,-89.324,CANADA
YQU,55.18,-118.885,CANADA
YQX,48.937,-54.568,CANADA
YQY,46.161,-60.048,CANADA
YRB,74.717,-94.969,CANADA
YRQ,46.3528,-72.6794,CANADA
YSC,45.438,-71.691,CANADA
YTY,32.5634,119.7198,CHINA
YTZ,43.627,-79.396,CANADA
YUL,45.468,-73.741,CANADA
YUM,32.656,-114.606,USA
YUS,32.8364,97.0364,CHINA
YVR,49.195,-123.182,CANADA
YWG,49.91,-97.234,CANADA
YXE,52.171,-106.7,CANADA
YXJ,56.238,-120.74,CANADA
YXS,53.889,-122.679,CANADA
YXU,43.036,-81.154,CANADA
YXX,49.025,-122.363,CANADA
YXY,60.709,-135.068,CANADA
YYA,29.313,113.2771,CHINA
YYC,51.114,-114.02,CANADA
YYG,46.29,-63.121,CANADA
YYJ,48.647,-123.426,CANADA
YYQ,58.739,-94.065,CANADA
YYR,53.319,-60.426,CANADA
YYT,47.619,-52.752,CANADA
YYZ,43.677,-79.631,CANADA
YZF,62.463,-114.44,CANADA
YZY,38.8019,100.675,CHINA
ZAD,44.108,15.347,CROATIA
ZAG,45.743,16.069,CROATIA
ZAH,29.476,60.906,IRAN
ZAL,-39.65,-73.086,CHILE
ZAM,6.922,122.059,PHILIPPINES
ZAT,27.3256,103.755,CHINA
ZAZ,41.666,-1.041,SPAIN
ZCO,-38.769,-72.636,CHILE
ZHA,21.2144,110.358,CHINA
ZHY,37.5731,105.1545,CHINA
ZIA,55.5533,38.15,RUSSIA
ZIH,17.601,-101.46,MEXICO
ZLO,19.145,-104.559,MEXICO
ZNA,49.1833,-123.95,CANADA
ZNE,-23.4178,119.803,AUSTRALIA
ZNZ,-6.222,39.225,TANZANIA
ZOS,-40.611,-73.06,CHILE
ZQN,-45.021,168.739,NEW ZEALAND
ZQZ,40.7386,114.93,CHINA
ZRH,47.465,8.549,SWITZERLAND
ZSA,24.063,-74.524,BAHAMAS
ZSE,-21.321,55.425,REUNION ISLAND
ZTH,37.75,20.882,GREECE
ZUH,22.0064,113.376,CHINA
ZYI,27.5895,107.0007,CHINA
ZYL,24.963,91.867,BANGLADESH
BER,52.3648,13.5113,GERMANY
HLE,-15.963,-5.649,SAINT HELENA
ASI,-7.9678,-14.4054,SAINT HELENA
CAT,38.73,-9.36,PORTUGAL
ASC,-15.93,-63.16,BOLIVIA
CBD,9.16,92.82,INDIA
EGS,65.28,14.41,ICELAND
HOI,-18.06,-140.96,FRENCH POLYNESIA
UAK,61.16,-45.42,GREENLAND
